Complete Area Under Curve Chapter in 13 Min 🚀 | JEE One Shot | Quick Revision for JEE Mains|nqp0MCG4myw|https://www.youtube.com/watch?v=nqp0MCG4myw
Complete Functions Chapter in 30 Min | JEE One Shot | Quick Revision for JEE Mains|JLRcU28xqhk|https://www.youtube.com/watch?v=JLRcU28xqhk
Complete Relations Chapter in 20 Min | JEE One Shot | Quick Revision for JEE Mains|NQ8r132pIQM|https://www.youtube.com/watch?v=NQ8r132pIQM
Differentiability One Shot in 13 Minutes | JEE Maths Complete Revision|2L6cQjwCESU|https://www.youtube.com/watch?v=2L6cQjwCESU
Inverse Trigonometric Functions (ITF) in 25 Minutes | Complete JEE Revision|fXADiHqrPsA|https://www.youtube.com/watch?v=fXADiHqrPsA
Complete Sets in 30 Min | JEE ONE SHOT |  Quick Revision for JEE Mains & Advanced|lspgdNOngPU|https://www.youtube.com/watch?v=lspgdNOngPU
Complete Quadratic Equations in 20 Min | JEE ONE SHOT | Quick Revision for JEE Mains & Advanced|FzJUJso4JXo|https://www.youtube.com/watch?v=FzJUJso4JXo
Complete Circle in Just 30 Min | JEE One Shot | Quick Revision for JEE Mains|hqZ72eWqsD0|https://www.youtube.com/watch?v=hqZ72eWqsD0
Complete Straight Line in 50 Min | JEE One Shot | Quick Revision for JEE Mains|DsjZf88qq4U|https://www.youtube.com/watch?v=DsjZf88qq4U
Hyperbola One Shot Revision 🔥 | JEE Mains & Advanced|dZD9zsYVI-8|https://www.youtube.com/watch?v=dZD9zsYVI-8
Ellipse Made Easy – Complete Theory | Quick Revision for JEE Mains|NYIoICvOuBE|https://www.youtube.com/watch?v=NYIoICvOuBE
Complete Parabola in 30 Min Visually | JEE ONE SHOT | Quick Revision for JEE Mains & Advanced|aCA92znngt0|https://www.youtube.com/watch?v=aCA92znngt0
Master Determinants in Just 1 Hour | One-Shot Revision for JEE Mains|fNBNc094fIE|https://www.youtube.com/watch?v=fNBNc094fIE
Never Forget 3D Geometry Again! | One-Shot Revision for JEE Mains|m6eNoUERs8o|https://www.youtube.com/watch?v=m6eNoUERs8o
Continuity Made EASY in Just 30 Minutes | JEE One Shot Revision | JEE Mains|nbCZq7F77-M|https://www.youtube.com/watch?v=nbCZq7F77-M
Master Limits in 40 Min | JEE One Shot | IIT JEE MATHS | JEE Mains Quick Revision|8Sj1POMVg_c|https://www.youtube.com/watch?v=8Sj1POMVg_c
Binomial Theorem Made Easy | JEE One Shot | Quick Revision | Class 11 | JEE Mains|sPCEuZqCRB0|https://www.youtube.com/watch?v=sPCEuZqCRB0
Complete Statistics in 20 Minutes | JEE ONE SHOT | Quick Revision for JEE Mains|OgFncZSIlwU|https://www.youtube.com/watch?v=OgFncZSIlwU
Complete Vector Algebra in 30 Min | JEE ONE SHOT | Quick Revision for JEE Mains & Advanced|ujQSeSTkKxE|https://www.youtube.com/watch?v=ujQSeSTkKxE
Complete Logarithm in just 10 Min | Quick Revision | JEE One Shot | Jee Mains & Advanced | Class 11|wmWgRblOCWA|https://www.youtube.com/watch?v=wmWgRblOCWA
