Vector Algebra : How to Approach Questions |  JEE Mains 2022 ALL PYQs (JUNE  + JULY)|kvo0yxYqXH4|https://www.youtube.com/watch?v=kvo0yxYqXH4
Complete Area Under Curve Chapter in 13 Min 🚀 | JEE One Shot | Quick Revision for JEE Mains|nqp0MCG4myw|https://www.youtube.com/watch?v=nqp0MCG4myw
How to Find Real Roots of Polynomial Equations Using AOD | JEE Maths|GYgup6BCXg4|https://www.youtube.com/watch?v=GYgup6BCXg4
How to Increase Your JEE Maths Marks Instantly | Question Selection Strategy|0SXUOtcmTxM|https://www.youtube.com/watch?v=0SXUOtcmTxM
Complete Functions Chapter in 30 Min | JEE One Shot | Quick Revision for JEE Mains|JLRcU28xqhk|https://www.youtube.com/watch?v=JLRcU28xqhk
How to Solve ANY Locus Question in Coordinate Geometry | JEE Mains & Advanced|6janBTrN5bU|https://www.youtube.com/watch?v=6janBTrN5bU
Quadratic Equations : How to Approach Questions | JEE Mains 2022 ALL PYQs (JUNE  + JULY)|MI8-5-0PCIw|https://www.youtube.com/watch?v=MI8-5-0PCIw
How to Solve Any Exponential Equation | JEE Mains & Advanced|bUijxK3kl6M|https://www.youtube.com/watch?v=bUijxK3kl6M
Differentiation & Integration of Matrices and Determinants | JEE Mains & Advanced|40sbxqY3sks|https://www.youtube.com/watch?v=40sbxqY3sks
Irrational Equations: How to Solve Any Equation? | JEE Mains & Advanced|sjaAoHqNM-4|https://www.youtube.com/watch?v=sjaAoHqNM-4
Length of Latus Rectum of Parabola & Ellipse | Easy 4 Marks in JEE Mains|Dj5uz0UBhPU|https://www.youtube.com/watch?v=Dj5uz0UBhPU
JEE 2026: Probability | JEE Mains 2026 April PYQs | Maths Chapterwise PYQ Series|aZ7DajzkIIk|https://www.youtube.com/watch?v=aZ7DajzkIIk
When Should You Use Sandwich Theorem in Limits? | JEE Maths|YcnZMG_FTKA|https://www.youtube.com/watch?v=YcnZMG_FTKA
How to Find Mirror Image of ANY Curve | JEE Mains & Advanced|LxLWs_PS5n0|https://www.youtube.com/watch?v=LxLWs_PS5n0
Complete Relations Chapter in 20 Min | JEE One Shot | Quick Revision for JEE Mains|NQ8r132pIQM|https://www.youtube.com/watch?v=NQ8r132pIQM
How to Remember ALL Integration Formulas Easily | JEE Maths|55asi-PeWns|https://www.youtube.com/watch?v=55asi-PeWns
JEE 2026: Complex Numbers | JEE Mains 2026 April PYQs | Maths Chapterwise PYQ Series|LySIRkdClk4|https://www.youtube.com/watch?v=LySIRkdClk4
How to Draw Graph of Any Function Using Derivatives | AOD | JEE Mains and Advanced |xWJ-Ml4Jja4|https://www.youtube.com/watch?v=xWJ-Ml4Jja4
Scoring Less Than 30 in JEE Maths? FIX THIS NOW|zgz1_7_RsoA|https://www.youtube.com/watch?v=zgz1_7_RsoA
JEE 2026: Area Under Curve | JEE Mains 2026 April PYQs | Maths Chapterwise PYQ Series|WUzhSSWnrdA|https://www.youtube.com/watch?v=WUzhSSWnrdA
JEE Mains 2027 Is Changing… Are You Ready for THIS? 🚨|HZnUgmepgbs|https://www.youtube.com/watch?v=HZnUgmepgbs
This JEE Mains 2026 Question Looks IMPOSSIBLE… But It’s Actually EASY!|YPJrfak4fs8|https://www.youtube.com/watch?v=YPJrfak4fs8
JEE 2026: Definite Integration | JEE Mains 2026 April PYQs | Maths Chapterwise PYQ Series|Vt4jMYrDDmQ|https://www.youtube.com/watch?v=Vt4jMYrDDmQ
Differentiability One Shot in 13 Minutes | JEE Maths Complete Revision|2L6cQjwCESU|https://www.youtube.com/watch?v=2L6cQjwCESU
This JEE Advanced Question Is a Trap! | Continuity & Differentiability|1Fson6NHbNo|https://www.youtube.com/watch?v=1Fson6NHbNo
JEE 2026: 3D Geometry | JEE Mains 2026 April PYQs | Maths Chapterwise PYQ Series | Mr Exponent|xEO90MIpOaI|https://www.youtube.com/watch?v=xEO90MIpOaI
Is This Really a JEE Advanced Question? | Binomial Theorem|3cepTjdsZ-I|https://www.youtube.com/watch?v=3cepTjdsZ-I
When to Actually Use King's Property? 3 JEE Triggers | Definite Integration|nbtVegd_CB8|https://www.youtube.com/watch?v=nbtVegd_CB8
Master Greatest Integer & Fractional Part Functions in Limits | JEE Main & Advanced|iv3YIZu2aN0|https://www.youtube.com/watch?v=iv3YIZu2aN0
JEE 2026: Binomial Theorem | JEE Mains 2026 April PYQs | Maths Chapterwise PYQ Series | Mr Exponent|JPidW44iZ88|https://www.youtube.com/watch?v=JPidW44iZ88
How to Get 99%ile in JEE 2027 | NTA Changed JEE Maths Pattern|8KywlmpuHiY|https://www.youtube.com/watch?v=8KywlmpuHiY
When Should You Use Substitution Method in Integration? | JEE Mains & Advanced|j4ADohFxrV0|https://www.youtube.com/watch?v=j4ADohFxrV0
Inverse Trigonometric Functions (ITF) in 25 Minutes | Complete JEE Revision|fXADiHqrPsA|https://www.youtube.com/watch?v=fXADiHqrPsA
JEE 2026: Hyperbola | JEE Mains 2026 April PYQs | Maths Chapterwise PYQ Series | Mr Exponent|JvLVSV4VVrI|https://www.youtube.com/watch?v=JvLVSV4VVrI
JEE 2026: Ellipse | JEE Mains 2026 April PYQs | Maths Chapterwise PYQ Series | Mr Exponent|drWp5MXshc0|https://www.youtube.com/watch?v=drWp5MXshc0
When Should You Take Log? 5 JEE Patterns You Must Recognize|iu6V0PSlchM|https://www.youtube.com/watch?v=iu6V0PSlchM
JEE 2026: Vector Algebra | JEE Mains 2026 April PYQs | Maths Chapterwise PYQ Series | Mr Exponent|NdYDS_WdbeM|https://www.youtube.com/watch?v=NdYDS_WdbeM
JEE 2026: Statistics | JEE Mains 2026 April PYQs | Maths Chapterwise PYQ Series | Mr Exponent|1Yb6-CqGWIo|https://www.youtube.com/watch?v=1Yb6-CqGWIo
Chord of Circle = Easiest 4 Marks in Conic Section | JEE Mains|J22Oddoy4Ho|https://www.youtube.com/watch?v=J22Oddoy4Ho
JEE 2026: Parabola | JEE Mains 2026 April PYQs | Maths Chapterwise PYQ Series | Mr Exponent|TO1g92zlJ0k|https://www.youtube.com/watch?v=TO1g92zlJ0k
When Should You Check the Domain First? (4 JEE Red Flags)|yheG9svr_Rk|https://www.youtube.com/watch?v=yheG9svr_Rk
JEE 2026: Indefinite Integration | JEE Mains 2026 April PYQs | Maths Chapterwise PYQ Series|K2AeuDaqm4M|https://www.youtube.com/watch?v=K2AeuDaqm4M
When Should You Check Left-Hand & Right-Hand Limits? (LHL & RHL) | JEE Main & Advanced|a2wGkH5BnU0|https://www.youtube.com/watch?v=a2wGkH5BnU0
JEE 2026: Circle | JEE Mains 2026 April PYQs | Maths Chapterwise PYQ Series | Mr Exponent|F1wZ2EtR4iY|https://www.youtube.com/watch?v=F1wZ2EtR4iY
When & How to Use AM-GM Method | JEE Mains & Advanced|EOAoiFoy1Ks|https://www.youtube.com/watch?v=EOAoiFoy1Ks
When Should You Use Graphs in JEE Maths ? (4 Triggers You Must Know)|Z0izyp7DYoA|https://www.youtube.com/watch?v=Z0izyp7DYoA
JEE 2026: Application of Derivatives AOD | JEE Mains 2026 April PYQ | Maths Chapterwise PYQ Series|jp_xzR5LYp0|https://www.youtube.com/watch?v=jp_xzR5LYp0
How to Solve Composite Function Questions with Piecewise Functions | JEE Mains & Advanced|tsARbJdqkO8|https://www.youtube.com/watch?v=tsARbJdqkO8
JEE 2026: Straight Line | JEE Mains 2026 April PYQ | Maths Chapterwise PYQ Series | Mr Exponent|aXpON1a48R4|https://www.youtube.com/watch?v=aXpON1a48R4
When NOT to Use L'Hospital Rule | 4 Mistakes Every JEE Student Makes|6EzGbq16AMQ|https://www.youtube.com/watch?v=6EzGbq16AMQ
JEE 2026: Continuity & Differentiability | JEE Mains 2026 April PYQs | Maths Chapterwise PYQ Series|kWO3_z1Fj6Y|https://www.youtube.com/watch?v=kWO3_z1Fj6Y
How to ACTUALLY Complete Any JEE Chapter (The Right Way)|E4t0nojRPeo|https://www.youtube.com/watch?v=E4t0nojRPeo
How to Solve Any Functional Equation for JEE Mains & Advanced|aPTcFgUtUEM|https://www.youtube.com/watch?v=aPTcFgUtUEM
JEE 2026: Limits | JEE Mains 2026 April PYQs | Maths Chapterwise PYQ Series | Mr Exponent|9xhpku3pd2M|https://www.youtube.com/watch?v=9xhpku3pd2M
JEE 2026: Permutation & Combination (PnC) | JEE Mains 2026 April PYQs | Maths Chapterwise PYQ Series|MUmK8Pk15qQ|https://www.youtube.com/watch?v=MUmK8Pk15qQ
Domain of Functions | Guaranteed 4 Marks in JEE Maths|YGmn-EQ45MU|https://www.youtube.com/watch?v=YGmn-EQ45MU
How to Stop Making Silly Mistakes in JEE|ZhwBT4nD3CQ|https://www.youtube.com/watch?v=ZhwBT4nD3CQ
JEE 2026: Functions | JEE Mains 2026 April PYQs | Maths Chapterwise PYQ Series | Mr Exponent|Yg9cQqL8VkI|https://www.youtube.com/watch?v=Yg9cQqL8VkI
JEE 2026: Trigonometry | JEE Mains 2026 April PYQs | Maths Chapterwise PYQ Series | Mr Exponent|XoEViSUunhE|https://www.youtube.com/watch?v=XoEViSUunhE
JEE 2026: Sets & Relations | JEE Mains 2026 April PYQs | Maths Chapterwise PYQ Series | Mr Exponent|hp1O_ljWXfw|https://www.youtube.com/watch?v=hp1O_ljWXfw
JEE 2026: Matrices & Determinants | JEE Mains 2026 April PYQs | Maths Chapterwise PYQ Series|gvZLTAXxISM|https://www.youtube.com/watch?v=gvZLTAXxISM
Complete Sets in 30 Min | JEE ONE SHOT |  Quick Revision for JEE Mains & Advanced|lspgdNOngPU|https://www.youtube.com/watch?v=lspgdNOngPU
Complex Numbers Finally Made Easy 😮 | JEE Maths Complete Chapter in 30 Minutes|qDhtmvwddDU|https://www.youtube.com/watch?v=qDhtmvwddDU
JEE 2026: Sequence & Series | JEE Mains 2026 April PYQs | Maths Chapterwise PYQ Series | Mr Exponent|A4ws3tGg0wE|https://www.youtube.com/watch?v=A4ws3tGg0wE
Everyone Solves This LOG Question the Hard Way 😳|nWk5yaDRNEE|https://www.youtube.com/watch?v=nWk5yaDRNEE
JEE 2026: Inverse Trigonometric Functions (ITF) | JEE Mains 2026 PYQ | Maths Chapter wise PYQ Series|OWzSE0Q1pYI|https://www.youtube.com/watch?v=OWzSE0Q1pYI
Inverse Trigonometric Series Trick | ITF PYQ Question Solved (Easy 4 Marks in JEE Maths)|jRfo9-8txtQ|https://www.youtube.com/watch?v=jRfo9-8txtQ
5 Signs You Will Crack JEE (Even When You Feel Lost)|JW86GE9Rpa0|https://www.youtube.com/watch?v=JW86GE9Rpa0
When to Add or Multiply in Permutation & Combination (PnC) | JEE Mains & Advanced|a3sc0_gQjCk|https://www.youtube.com/watch?v=a3sc0_gQjCk
Complete Quadratic Equations in 20 Min | JEE ONE SHOT | Quick Revision for JEE Mains & Advanced|FzJUJso4JXo|https://www.youtube.com/watch?v=FzJUJso4JXo
Logarithmic Equations with Different Bases | Easy 4 Marks in JEE Maths|jCY84z10--Q|https://www.youtube.com/watch?v=jCY84z10--Q
JEE 2026: Quadratic Equations | JEE Mains 2026 April PYQs | Maths Chapter wise PYQ Series|nWA8GRhyC_c|https://www.youtube.com/watch?v=nWA8GRhyC_c
Why You Still Can't Solve JEE Maths Questions (Even After Studying)|sbj0Tr7EVhU|https://www.youtube.com/watch?v=sbj0Tr7EVhU
How To Solve Modulus Inequalities (Every Type) | Class 11 | JEE Mains & Advanced|f-lnwMZlioI|https://www.youtube.com/watch?v=f-lnwMZlioI
Coin & Beggar Method in Permutation & Combination | Easy 4 Marks in JEE Maths|_YzsGNzNgsM|https://www.youtube.com/watch?v=_YzsGNzNgsM
How to Find Range of Any Function (All Types) | JEE MAINS & ADVANCED |T-LqEIuy8So|https://www.youtube.com/watch?v=T-LqEIuy8So
Method of Difference in Sequence & Series | Easy 4 Marks in JEE Maths|dqwuBDgBapE|https://www.youtube.com/watch?v=dqwuBDgBapE
Your JEE Mock Score Doesn't Matter (Here's What Actually Does)|o5I1gqXx5AE|https://www.youtube.com/watch?v=o5I1gqXx5AE
You Understand the Theory... But Can't Solve JEE Maths?|Mmo41wB31s0|https://www.youtube.com/watch?v=Mmo41wB31s0
How to Start JEE Preparation: 5 Mistakes to Avoid in Your First 90 Days|bAh-ZZOmoRY|https://www.youtube.com/watch?v=bAh-ZZOmoRY
Fix Your Vector Algebra Approach for JEE Advanced | 10 Killer Questions + PYQs|SnMmLUXEE-8|https://www.youtube.com/watch?v=SnMmLUXEE-8
When to take Union OR Intersection in Inequalities | AND vs OR Method | JEE Mains & Advanced|pnyRonlY-UM|https://www.youtube.com/watch?v=pnyRonlY-UM
Characteristic Equation in Matrices & Determinants | Easy 4 Marks in JEE Maths|A6LDYR3rm-Q|https://www.youtube.com/watch?v=A6LDYR3rm-Q
How to Solve ANY Logarithmic Inequalities for JEE Mains & Advanced|MrJkGdyQDGA|https://www.youtube.com/watch?v=MrJkGdyQDGA
Fix Your Sequences & Series Approach for JEE Advanced in 10 Questions|wkTBgW2aJn0|https://www.youtube.com/watch?v=wkTBgW2aJn0
Master Signum Function for JEE Mains & Advanced 🔥 (Concept + Killer Questions)|rxi-FnyTEKU|https://www.youtube.com/watch?v=rxi-FnyTEKU
Matrices ≠ Determinants | This Mistake is Killing Your JEE Rank|i3it6T3amEQ|https://www.youtube.com/watch?v=i3it6T3amEQ
Fix Your Quadratic Equations Approach for JEE Advanced in 10 Questions|z4RJl60ZSHs|https://www.youtube.com/watch?v=z4RJl60ZSHs
Stop Studying Chapter - Wise for JEE (Do This Instead)|yZLGsAH7wV8|https://www.youtube.com/watch?v=yZLGsAH7wV8
What If Log Base = 1 or Negative? 🤯| Logarithm Concept | IIT JEE Maths | JEE 2027 | JEE 2028|a3PzZuZc0LM|https://www.youtube.com/watch?v=a3PzZuZc0LM
ALL JEE 2026 January PYQs | Area Under Curve | JEE Mains Questions Chapter Wise|9K2lCifLJQI|https://www.youtube.com/watch?v=9K2lCifLJQI
ALL JEE 2026 January PYQs | Probability | JEE Mains Questions Chapter Wise|VO99KoCKCyc|https://www.youtube.com/watch?v=VO99KoCKCyc
ALL JEE 2026 January PYQs | Definite Integration | JEE Mains Questions Chapter Wise|MzetoRVHXEc|https://www.youtube.com/watch?v=MzetoRVHXEc
ALL JEE 2026 January PYQs | Permutation & Combination ( PnC ) | JEE Mains Questions Chapter Wise|gDRuD6UpdxA|https://www.youtube.com/watch?v=gDRuD6UpdxA
ALL JEE 2026 January PYQs | Binomial Theorem | JEE Mains Questions Chapter Wise|77XvRMoJxl4|https://www.youtube.com/watch?v=77XvRMoJxl4
ALL JEE 2026 January PYQs | Statistics | JEE Mains Questions Chapter Wise|6IuJzWkzuhQ|https://www.youtube.com/watch?v=6IuJzWkzuhQ
ALL JEE 2026 January PYQs | Complex Numbers | JEE Mains Questions Chapter Wise|JVL1LcbKlHw|https://www.youtube.com/watch?v=JVL1LcbKlHw
ALL JEE 2026 January PYQs | Indefinite Integration | JEE Mains Questions Chapter Wise|UVjqXeObclQ|https://www.youtube.com/watch?v=UVjqXeObclQ
ALL JEE 2026 January PYQs | Application of Derivatives AOD | JEE Mains Questions Chapter Wise|iCFdLGA789s|https://www.youtube.com/watch?v=iCFdLGA789s
These JEE Questions Are a Trap (Skip Them Immediately)|dH_AY5mamNY|https://www.youtube.com/watch?v=dH_AY5mamNY
ALL JEE 2026 January PYQs | Hyperbola | JEE Mains Questions Chapter Wise|GINXvjp6wUQ|https://www.youtube.com/watch?v=GINXvjp6wUQ
ALL JEE 2026 January PYQs | Continuity & Differentiability | JEE Mains Questions Chapter Wise|NpTpM7kblgs|https://www.youtube.com/watch?v=NpTpM7kblgs
JEE Mains 2026: This 3D Geometry Question Confused Everyone!|IlW0_xVG6R4|https://www.youtube.com/watch?v=IlW0_xVG6R4
JEE Mains 2026 April Attempt – Kaisa Paper Aayega? | Expected Difficulty & Pattern|1GNHM8QOnb4|https://www.youtube.com/watch?v=1GNHM8QOnb4
ALL JEE 2026 January PYQs | Ellipse | JEE Mains Questions Chapter Wise|71nPUByVMSs|https://www.youtube.com/watch?v=71nPUByVMSs
ALL JEE 2026 January PYQs | Limits & Derivatives | JEE Mains Questions Chapter Wise|IFuZaw7hN7M|https://www.youtube.com/watch?v=IFuZaw7hN7M
ALL JEE 2026 January PYQs | Functions | JEE Mains Questions Chapter Wise|A738gNuT2F4|https://www.youtube.com/watch?v=A738gNuT2F4
ALL JEE 2026 January PYQs | Sets & Relations | JEE Mains Questions Chapter Wise|bjOIZBcGxo4|https://www.youtube.com/watch?v=bjOIZBcGxo4
ALL JEE 2026 January PYQs | Parabola | JEE Mains Questions Chapter Wise|Q2L30D4MO9c|https://www.youtube.com/watch?v=Q2L30D4MO9c
This Sequence Question Looks Scary But Is Free Marks | JEE Mains 2026 Jan|32aCb0dnoU8|https://www.youtube.com/watch?v=32aCb0dnoU8
ALL JEE 2026 January PYQs | Circle | JEE Mains Questions Chapter Wise|C3_-i9WOUTI|https://www.youtube.com/watch?v=C3_-i9WOUTI
Probability Dice Questions | Most Students Skip This Type | Easy 4 Marks in JEE Maths|dpv2YwNZZTc|https://www.youtube.com/watch?v=dpv2YwNZZTc
JEE Mains 2026 April Attempt | 30 Days Maths Challenge | Daily Tasks + Live Practice|rcspTzFwOdk|https://www.youtube.com/watch?v=rcspTzFwOdk
Stop Calculating Adjoint in JEE | 2-Minute Matrix Trick (JEE 2026)|axfNwT7rrmY|https://www.youtube.com/watch?v=axfNwT7rrmY
ALL JEE 2026 January PYQs | Inverse Trigonometric Functions ITF | JEE Mains Questions Chapter Wise|wdgI1oB9nuU|https://www.youtube.com/watch?v=wdgI1oB9nuU
Trigonometric Equations | Easy 4 Marks in JEE Maths|eft5b3W11v8|https://www.youtube.com/watch?v=eft5b3W11v8
If You Can Solve JEE PYQs... Why Are Your Mock Scores So Low?|ZVIhzZWpPnY|https://www.youtube.com/watch?v=ZVIhzZWpPnY
ALL JEE 2026 January PYQs | Straight Lines | JEE Mains Questions Chapter Wise|iKxL42sgG-Q|https://www.youtube.com/watch?v=iKxL42sgG-Q
JEE Mains 2026 Result Unfair? Stop Destroying Your April Attempt|Ac1A9E-1KL0|https://www.youtube.com/watch?v=Ac1A9E-1KL0
JEE Mains 2026 Session 1 Results: What to do Next? (Don't Panic!)|gHsRXhr_Y5k|https://www.youtube.com/watch?v=gHsRXhr_Y5k
Solve This Definite Integration JEE PYQ in 30 Seconds (No Integration Needed) | JEE Maths Tricks|dcx1JdmA_Dw|https://www.youtube.com/watch?v=dcx1JdmA_Dw
ALL JEE 2026 January PYQs | Determinants - Class 12 | JEE Mains Questions Chapter Wise|jo6R8KXj6qk|https://www.youtube.com/watch?v=jo6R8KXj6qk
ALL JEE 2026 January PYQs | Matrices - Class 12 | JEE Mains Questions Chapter Wise|dKmFk0M83Rw|https://www.youtube.com/watch?v=dKmFk0M83Rw
ALL JEE 2026 January PYQs | Trigonometry Ratio & Equation | JEE Mains Questions Chapter Wise|46KfCgFohLQ|https://www.youtube.com/watch?v=46KfCgFohLQ
ALL JEE 2026 January PYQs | 3D Geometry | JEE Mains Questions Chapter Wise|-QStKGyKx1o|https://www.youtube.com/watch?v=-QStKGyKx1o
Number of Functions From A to B | Easy 4 Marks in JEE Maths|pNM7s7ba6Rg|https://www.youtube.com/watch?v=pNM7s7ba6Rg
The Biggest JEE Mistake Nobody Talks About|wRN8HPhiitw|https://www.youtube.com/watch?v=wRN8HPhiitw
ALL JEE 2026 January PYQs | Sequence & Series | JEE Mains Questions Chapter Wise|vdgUZcMkh_w|https://www.youtube.com/watch?v=vdgUZcMkh_w
ALL JEE 2026 January PYQs | Vector Algebra | JEE Mains Questions Chapter Wise|XcfRTMdnSas|https://www.youtube.com/watch?v=XcfRTMdnSas
ALL JEE 2026 January PYQs | Quadratic Equations | JEE Mains Questions Chapter Wise|ZpsIbts0Dlo|https://www.youtube.com/watch?v=ZpsIbts0Dlo
Parabola: General Form to Standard Form | Easy 4 Marks in JEE Maths|KEgZwLcW-L0|https://www.youtube.com/watch?v=KEgZwLcW-L0
Don't Start Class 12 Maths Before Completing These 6 Class 11 Chapters|qslS1py0aRU|https://www.youtube.com/watch?v=qslS1py0aRU
Fix Quadratic Equations with Just 9 PYQs | JEE Mains|PtJTac2Gw2U|https://www.youtube.com/watch?v=PtJTac2Gw2U
Your "Silly Mistakes" Aren't Actually Silly in JEE|dEtmltucIs4|https://www.youtube.com/watch?v=dEtmltucIs4
Relative Position of Two Circles | Touch, Intersect, No Intersection | Easy 4 Marks in JEE Maths|FXNohVv8EoI|https://www.youtube.com/watch?v=FXNohVv8EoI
Every Lecture Makes Sense...Until You Solve JEE Questions|nOlifNhq2ds|https://www.youtube.com/watch?v=nOlifNhq2ds
Probability Distribution (Mean & Variance) | Easy 4 Marks in JEE Maths|qejxMOBBFdI|https://www.youtube.com/watch?v=qejxMOBBFdI
13-Minute Plan to Fix Your JEE 2026 April Attempt | Maths 99%ile Strategy|g4jKQFc7oRs|https://www.youtube.com/watch?v=g4jKQFc7oRs
Determinants: No Solution, Infinite & Unique Solutions | Easy 4 Marks in JEE Maths|ALiCqugLS7w|https://www.youtube.com/watch?v=ALiCqugLS7w
Fix Matrices & Determinants with Just 10 PYQs | JEE Mains|4albzu5xvjg|https://www.youtube.com/watch?v=4albzu5xvjg
Quadratic & Modulus Functions: Number of Solutions = Easy 4 Marks | JEE Mains|Xq_6npogiwM|https://www.youtube.com/watch?v=Xq_6npogiwM
Stop Wasting Time in 3D Geometry | Approach - Based | JEE Maths|kjGh25Ns3Nc|https://www.youtube.com/watch?v=kjGh25Ns3Nc
Relations: Reflexive, Symmetric & Transitive = Easy 4 Marks | JEE Mains|wNe80rTv4r0|https://www.youtube.com/watch?v=wNe80rTv4r0
JEE Mains 2026 (23 January Shift 1) | Faster Way to Solve Vectors|2ngLEblpVqk|https://www.youtube.com/watch?v=2ngLEblpVqk
JEE Mains 2026 (22 January Shift 2) | Limits Without Expansion|RiWDH98ToEg|https://www.youtube.com/watch?v=RiWDH98ToEg
JEE Mains 2026 (22 January Shift 1): Lengthy Question, Smart Approach|LpfwP7gibsE|https://www.youtube.com/watch?v=LpfwP7gibsE
JEE Mains 2026 (21 January Shift 2) : This 3D Geometry Question is NOT So Lengthy?|HduVdc9J7MY|https://www.youtube.com/watch?v=HduVdc9J7MY
JEE Mains 2026 (21 Jan) | Shift 1 vs Shift 2 — This Matters|pDChbSoKulA|https://www.youtube.com/watch?v=pDChbSoKulA
JEE Mains 2026 (21 January Shift 1) : Will You Attempt OR Skip This Question?|s3_b2QTlZeQ|https://www.youtube.com/watch?v=s3_b2QTlZeQ
JEE Mains 2026 (21 January Shift 1) : Why this question looks hard but is actually easy|JwDBkDeEEtY|https://www.youtube.com/watch?v=JwDBkDeEEtY
Why JEE 2026 Matters for JEE 2027 Aspirants (Must Watch)|Poh1q3M0tb8|https://www.youtube.com/watch?v=Poh1q3M0tb8
5 Mistakes to Avoid in the Last 48 Hours Before JEE Mains 2026|9NSZhHCgh_4|https://www.youtube.com/watch?v=9NSZhHCgh_4
8 Hidden Maths Traps That Cost You Marks in JEE|GVES6Rz_Bhk|https://www.youtube.com/watch?v=GVES6Rz_Bhk
How to Attempt JEE Mains Paper in the Exam Hall (3 Hour Strategy)|LVNgXbxgx0U|https://www.youtube.com/watch?v=LVNgXbxgx0U
JEE 2027 : This "Impossible" Matrix Problem is Actually Easy! 😱|z8fqpdL63HI|https://www.youtube.com/watch?v=z8fqpdL63HI
JEE 2026: Stuck in 0-20 Marks in Maths? (The 3-Step Survival Plan)|Oz0MkCxrMj0|https://www.youtube.com/watch?v=Oz0MkCxrMj0
Guaranteed 4 Marks in Area Under Curve | JEE Mains 2026|h8PmrzhGk40|https://www.youtube.com/watch?v=h8PmrzhGk40
7 Question Patterns That Repeat Every Year in JEE Mains (+28 Marks Guaranteed)|U-GzWCuNNkc|https://www.youtube.com/watch?v=U-GzWCuNNkc
Linear Differential Equations = Easy 4 Marks | JEE Mains|BBgJ-1RDCRw|https://www.youtube.com/watch?v=BBgJ-1RDCRw
JEE Mains: Easy 4 Marks in Statistics Most Students Still Miss|Ty4JqPOR8K0|https://www.youtube.com/watch?v=Ty4JqPOR8K0
JEE Mains 2026: The Easiest Way to Secure 32 Marks in Maths (Step-by-Step)|KFo0UgBkN84|https://www.youtube.com/watch?v=KFo0UgBkN84
🔥 JEE Mains 2027 Most Expected Question | How to Get 99 Percentile in JEE Maths 🔥|ADPdQAnSgz0|https://www.youtube.com/watch?v=ADPdQAnSgz0
Stop Using Long Methods in Number of Solutions | JEE MAINS|V7paUiFmSK4|https://www.youtube.com/watch?v=V7paUiFmSK4
Definite Integration Properties = Easy 4 Marks | JEE Mains|Ef1e9BS26Os|https://www.youtube.com/watch?v=Ef1e9BS26Os
Complete Circle in Just 30 Min | JEE One Shot | Quick Revision for JEE Mains|hqZ72eWqsD0|https://www.youtube.com/watch?v=hqZ72eWqsD0
JEE Mains 2027 : Stop Wasting Time on Matrix Multiplication | Matrices JEE PYQ|dSnaJh5UGfI|https://www.youtube.com/watch?v=dSnaJh5UGfI
Stop Forcing One Method on Every JEE PYQ|gwfy9zC_Jp8|https://www.youtube.com/watch?v=gwfy9zC_Jp8
Complete Straight Line in 50 Min | JEE One Shot | Quick Revision for JEE Mains|DsjZf88qq4U|https://www.youtube.com/watch?v=DsjZf88qq4U
Number of Points of Discontinuity = Easy 4 Marks | JEE Mains|0e_GByvziXc|https://www.youtube.com/watch?v=0e_GByvziXc
JEE Mains 2027 | Most Students Will Miss This Functional Equation|p9IiXVZo3FE|https://www.youtube.com/watch?v=p9IiXVZo3FE
Rotation Theorem in Complex Numbers Made Easy | Easy 4 Marks in JEE Maths|tqItCSA0lXo|https://www.youtube.com/watch?v=tqItCSA0lXo
Hyperbola One Shot Revision 🔥 | JEE Mains & Advanced|dZD9zsYVI-8|https://www.youtube.com/watch?v=dZD9zsYVI-8
JEE Mains 2027 : Most Expected GIF Discontinuity Question|CtfxJUsL_C0|https://www.youtube.com/watch?v=CtfxJUsL_C0
Adjoint & Determinant Properties = Easy 4 Marks | JEE Mains|cEdx7BGe9Qw|https://www.youtube.com/watch?v=cEdx7BGe9Qw
JEE 2026 🚨 : Top 30 Lengthy & Difficult PYQs Most Students Skip from JEE Mains 2025|TDIzpViQvaA|https://www.youtube.com/watch?v=TDIzpViQvaA
Ellipse Made Easy – Complete Theory | Quick Revision for JEE Mains|NYIoICvOuBE|https://www.youtube.com/watch?v=NYIoICvOuBE
Most Expected Limits Question for JEE Mains 2027 | Fractional Part & Inverse Trig|XG0DIjtkk6s|https://www.youtube.com/watch?v=XG0DIjtkk6s
How to FAIL in JEE (Yes, I’m Serious)|U1eGUbBiMW0|https://www.youtube.com/watch?v=U1eGUbBiMW0
Most Expected Adjoint Question for JEE Mains 2027 | Matrices & Determinants|2TWeejV3XwA|https://www.youtube.com/watch?v=2TWeejV3XwA
Complete Parabola in 30 Min Visually | JEE ONE SHOT | Quick Revision for JEE Mains & Advanced|aCA92znngt0|https://www.youtube.com/watch?v=aCA92znngt0
1 Determinant Pattern = Sure 4 Marks | JEE Mains 2027|oWQ38ME2H64|https://www.youtube.com/watch?v=oWQ38ME2H64
How Many PYQs Are Enough for 99 Percentile in JEE Mains? (Do You Need ADV PYQs?)|pFDsF0rT8qc|https://www.youtube.com/watch?v=pFDsF0rT8qc
Your Chapter Isn’t JEE Ready Until You Try THIS Trick|svfZH3XVBh4|https://www.youtube.com/watch?v=svfZH3XVBh4
JEE Mains 2027: Don’t Skip This Vector + Integration Question|SwSgjDy6qXA|https://www.youtube.com/watch?v=SwSgjDy6qXA
JEE 2027: The Mixed Function Pattern JEE Loves to Ask!|_gxc7XqFm54|https://www.youtube.com/watch?v=_gxc7XqFm54
Is Your Sequence & Series Ready for JEE MAINS 2027 ? (99%ile Test)|VVshE5INdYQ|https://www.youtube.com/watch?v=VVshE5INdYQ
3D Geometry Will Become EASY If You Think Like This (JEE Mains Trick 2026)|gUnfBAqLRso|https://www.youtube.com/watch?v=gUnfBAqLRso
3D Geometry Trick: Foot of Perpendicular & Mirror Image | Easy 4 Marks in JEE Maths|gBy9xm0sd4U|https://www.youtube.com/watch?v=gBy9xm0sd4U
JEE Mains 2026: Don’t Study Top 10 Chapters! Master Hidden Maths Topics First|LYX-QWO5x_o|https://www.youtube.com/watch?v=LYX-QWO5x_o
JEE Mains 2025 Area Under Curve | April Attempt Solutions (All Shifts) | Chapterwise Class 12 Maths|qLl3hwh7JNU|https://www.youtube.com/watch?v=qLl3hwh7JNU
Fix Parabola with Just 9 PYQs | JEE Mains|bFWfsNyAeo4|https://www.youtube.com/watch?v=bFWfsNyAeo4
Number of Triangles & Lines | Solve P&C Questions in Seconds | Easy 4 Marks|K5-C86DknQ0|https://www.youtube.com/watch?v=K5-C86DknQ0
Fix Sets & Relations with Just 9 PYQs | JEE Mains|Xv-stxRxXjQ|https://www.youtube.com/watch?v=Xv-stxRxXjQ
10 Chapters = 50+ Marks! JEE Maths High Weightage Chapters for 2026|pEHiVDfWITg|https://www.youtube.com/watch?v=pEHiVDfWITg
Fix Application of Derivatives (AOD) with Just 6 PYQs | JEE Mains|0i_bqXQqNYM|https://www.youtube.com/watch?v=0i_bqXQqNYM
Fix Binomial Theorem with Just 12 PYQs | JEE Mains|ISRNEYRR-qI|https://www.youtube.com/watch?v=ISRNEYRR-qI
Fix 3D Geometry with Just 12 PYQs | JEE Mains|fYlRsvFu3EM|https://www.youtube.com/watch?v=fYlRsvFu3EM
Rank of Any Word in 30 Seconds | Easy 4 Marks in JEE Maths (P&C)|TLjE-tazb1U|https://www.youtube.com/watch?v=TLjE-tazb1U
Fix Sequences & Series with Just 8 PYQs | JEE Mains|gVI-0MBta28|https://www.youtube.com/watch?v=gVI-0MBta28
3D Geometry: Shortest Distance Between Skew & Parallel Lines | Easy 4 Marks in JEE Maths|lyRywLQAjTc|https://www.youtube.com/watch?v=lyRywLQAjTc
JEE Mains 2025 - Permutation and Combination (P&C) | April Attempt Solutions | Maths ChapterWise PYQ|LXeHewMI01M|https://www.youtube.com/watch?v=LXeHewMI01M
JEE Mains 2025 PYQ - Binomial Theorem | Class 11 | April Attempt Solutions | Maths Chapter Wise PYQs|aYl8wkJdwzA|https://www.youtube.com/watch?v=aYl8wkJdwzA
Fix Statistics with Just 7 PYQs | JEE Mains|r6UcLf2nPxc|https://www.youtube.com/watch?v=r6UcLf2nPxc
JEE Mains 2025 PYQ - 3D Geometry | Class 12 | April Attempt Solutions | Maths Chapter Wise PYQs|J2eLAhSM5VE|https://www.youtube.com/watch?v=J2eLAhSM5VE
Maxima & Minima (AOD) in 3 Steps | Easy 4 Marks in JEE Maths|3kcn-NZVbTM|https://www.youtube.com/watch?v=3kcn-NZVbTM
Fix Vector Algebra with Just 8 PYQs | JEE Mains|I8NRgzwdLwU|https://www.youtube.com/watch?v=I8NRgzwdLwU
Fix Continuity & Differentiability with Just 5 PYQs | JEE Mains|lRSXvTFm8ec|https://www.youtube.com/watch?v=lRSXvTFm8ec
Box Product (Scalar Triple Product) | Solve Vector PYQs Fast | Easy 4 Marks in JEE Maths|JwtFkv3YqwQ|https://www.youtube.com/watch?v=JwtFkv3YqwQ
Maximum & Minimum Functions Using Graphs | Easy 4 Marks in JEE Maths|v1YywR5Fktc|https://www.youtube.com/watch?v=v1YywR5Fktc
Definite Integration One Shot | All Concepts & PYQs | Jee Mains & Advanced | JEE 2026 - 2027|jFJ9Q_s8vt8|https://www.youtube.com/watch?v=jFJ9Q_s8vt8
Collinearity of Vectors | Easy 4 Marks in JEE Maths|06QSeCDj-R4|https://www.youtube.com/watch?v=06QSeCDj-R4
Logarithms One Shot : All Concepts & PYQs | JEE One Shot | JEE Mains & Advanced | JEE 2026 - 2027|4fLORt_5NOE|https://www.youtube.com/watch?v=4fLORt_5NOE
Remainder in Binomial Theorem = Easy 4 Marks | JEE Mains|q3L7oA-t3GI|https://www.youtube.com/watch?v=q3L7oA-t3GI
Term Independent of x in Binomial Theorem | Easy 4 Marks in JEE Maths|-kQS1CEIKs8|https://www.youtube.com/watch?v=-kQS1CEIKs8
Middle Term in Binomial Theorem | Easy 4 Marks in JEE Maths|qw1rKTanCAY|https://www.youtube.com/watch?v=qw1rKTanCAY
Newton – Leibniz Rule in Definite Integration | Easy 4 Marks in JEE Maths|CA8oRRYSNq4|https://www.youtube.com/watch?v=CA8oRRYSNq4
Common Roots of Quadratic Equations | Easy 4 Marks in JEE Maths | Solve in Seconds|0PhO9n3Ar34|https://www.youtube.com/watch?v=0PhO9n3Ar34
Wallis’ Theorem of Definite Integration | Shortcut for Easy 4 Marks in JEE Maths|NaV1Uosot8A|https://www.youtube.com/watch?v=NaV1Uosot8A
Limit of Sum as Definite Integration | Easy 4 Marks in JEE Maths|nSl5BAUXRjM|https://www.youtube.com/watch?v=nSl5BAUXRjM
JEE Mains 2025 PYQ - Vector Algebra | Class 12 | April Attempt Solutions | Maths Chapter Wise PYQs|ChrSDhB50KY|https://www.youtube.com/watch?v=ChrSDhB50KY
Newton's Theorem in Quadratic Equations | Solve in Seconds | Easy 4 Marks in JEE Maths|leQxiR_gW7w|https://www.youtube.com/watch?v=leQxiR_gW7w
Definite Integration L - 4 | Important Properties | Class 12 | Jee Mains & Advanced | Mr Exponent |Dm1oJQgvkL8|https://www.youtube.com/watch?v=Dm1oJQgvkL8
Definite Integration L - 3 | Important Properties | Class 12 | Jee Mains & Advanced | Mr Exponent |UB5gtD-mtTY|https://www.youtube.com/watch?v=UB5gtD-mtTY
Definite Integration L - 2 | Important Properties | Class 12 | Jee Mains & Advanced | Mr Exponent|kVhuVNTgJ7k|https://www.youtube.com/watch?v=kVhuVNTgJ7k
Definite Integration L - 1 | Basics & Properties | Class 12 | Jee Mains & Advanced | Mr Exponent |niXTWxnaVLs|https://www.youtube.com/watch?v=niXTWxnaVLs
JEE Mains 2025 April – All PYQs | Definite Integration Solutions | Class 12 | Mr Exponent|qs_FvU2rc90|https://www.youtube.com/watch?v=qs_FvU2rc90
JEE Mains 2025 April – All PYQs | Indefinite Integration Solutions | Class 12 | Mr Exponent|iv9dA4cBaiU|https://www.youtube.com/watch?v=iv9dA4cBaiU
JEE Mains 2025 April – All PYQs | Application of Derivatives AOD Solutions | Class 12 | Mr Exponent|f12rybJOv3E|https://www.youtube.com/watch?v=f12rybJOv3E
JEE Mains 2025 April – All PYQs | Continuity, Differentiability & Differentiation Solutions|5m0SD3L9T_c|https://www.youtube.com/watch?v=5m0SD3L9T_c
Logarithm L-3 | JEE Mains & Advanced | Class 11 Maths | Mr Exponent|OsaOMXM5K9w|https://www.youtube.com/watch?v=OsaOMXM5K9w
JEE Mains 2025 April – All PYQs | Statistics Solutions | Class 11 - 12 | Mr Exponent|1TYCdg9IySg|https://www.youtube.com/watch?v=1TYCdg9IySg
Every Student Skips This Tough Quadratic Equation in JEE Mains & Advanced|Vpsttk1NH2M|https://www.youtube.com/watch?v=Vpsttk1NH2M
Logarithm L-2 | JEE Mains & Advanced | Class 11 Maths | Mr Exponent|BWyDQFVPsuQ|https://www.youtube.com/watch?v=BWyDQFVPsuQ
Logarithm L-1 | JEE Mains & Advanced | Class 11 Maths | Mr Exponent|cK5cDoN9LNk|https://www.youtube.com/watch?v=cK5cDoN9LNk
JEE Mains 2025 April – All PYQs | Hyperbola Solutions | Class 11 | Mr Exponent|PtEH-I5v9Ng|https://www.youtube.com/watch?v=PtEH-I5v9Ng
How to Find Domain of a Function | JEE Mains & Advanced Maths PYQs Explained|bmgVThJ-Mvc|https://www.youtube.com/watch?v=bmgVThJ-Mvc
JEE Mains 2025 April – All PYQs | Ellipse Solutions | Class 11 | Mr Exponent|CnRzjmpPt7I|https://www.youtube.com/watch?v=CnRzjmpPt7I
Most Expected Killer Questions of Sequence & Series 🔥 | JEE Mains & Advanced 2026 - 2027|Jqz3XiVYhpU|https://www.youtube.com/watch?v=Jqz3XiVYhpU
Why JEE Questions Feel Impossible in Exam but Easy at Home|RgkvWiR_aWQ|https://www.youtube.com/watch?v=RgkvWiR_aWQ
Master Sigma Summations (Single, Double, & Triple Σ) | JEE Mains & Advanced|WxLGtzLjE_I|https://www.youtube.com/watch?v=WxLGtzLjE_I
JEE Mains 2025 April – All PYQs | Parabola Solutions | Class 11 | Mr Exponent|wDvMWNj1ktU|https://www.youtube.com/watch?v=wDvMWNj1ktU
Most Expected Killer Questions of Quadratic Equations 🔥 | JEE Mains & Advanced 2026 - 2027|7LLxF1njg2s|https://www.youtube.com/watch?v=7LLxF1njg2s
Don’t Memorize Location of Roots! Solve Quadratic Equations Logically | JEE Main & Advanced|mKtOLYLeu_8|https://www.youtube.com/watch?v=mKtOLYLeu_8
JEE Mains 2025 PYQ - Circle | Class 11 | April Attempt Solutions | Maths Chapter Wise PYQs|X2BJ4a3uY50|https://www.youtube.com/watch?v=X2BJ4a3uY50
Cramer's Rule Explained Visually in 3D | Determinants | JEE Mains & Advanced|8Qb02iL5RNQ|https://www.youtube.com/watch?v=8Qb02iL5RNQ
How to Check Odd & Even Functions in Seconds ( Easiest Method) | JEE Mains & Advanced|wQca-6rKLxk|https://www.youtube.com/watch?v=wQca-6rKLxk
JEE Mains 2025 April – All PYQs | Straight Line Solutions | Class 11 | Mr Exponent|KlUDxj-SYIE|https://www.youtube.com/watch?v=KlUDxj-SYIE
How to Check One-One & Many-One Functions (3 Easy Methods) | JEE Mains & Advanced|6QPpMBU6ZaE|https://www.youtube.com/watch?v=6QPpMBU6ZaE
How to draw Graph of Any Greatest Integer Function (Modulus, Quadratic, Trigonometric) | JEE|p-YMoSGz5Vg|https://www.youtube.com/watch?v=p-YMoSGz5Vg
Can't Solve JEE Quadratic PYQs? This is Why! (Concepts + Mistakes)|SiIcYuSPTE0|https://www.youtube.com/watch?v=SiIcYuSPTE0
JEE Mains 2025 April – All PYQs | Function Solutions | Class 12 | Mr Exponent|EIdRu9H_Bt8|https://www.youtube.com/watch?v=EIdRu9H_Bt8
JEE Mains 2025 PYQ - Sets & Relations | April Attempt Solutions | Maths Chapter Wise PYQs|_6chKUAN2J4|https://www.youtube.com/watch?v=_6chKUAN2J4
This Is Why Your Limits PYQ Answers Are Always Wrong|r5KcFFJ68kE|https://www.youtube.com/watch?v=r5KcFFJ68kE
Fractional Part Function ONE SHOT | Graphs, Inequalities, JEE 2026 - 2027|Ng9HdK0mHjE|https://www.youtube.com/watch?v=Ng9HdK0mHjE
JEE Mains 2025 April – All PYQs | Limits & Derivatives Solutions | Class 11 | Mr Exponent|6BVfRf9GPS0|https://www.youtube.com/watch?v=6BVfRf9GPS0
JEE Mains 2025 April – All PYQs | Complex Numbers Solutions | Class 11 | Mr Exponent|wfqQe4VCslI|https://www.youtube.com/watch?v=wfqQe4VCslI
JEE Mains 2025 April – All PYQs | Determinants Questions Solutions | Class 12 | Mr Exponent|uajfW8fVWmM|https://www.youtube.com/watch?v=uajfW8fVWmM
JEE Mains 2025 April – All PYQs | Matrices Questions Solutions | Class 12 | Mr Exponent|AFVTHwnxy1Y|https://www.youtube.com/watch?v=AFVTHwnxy1Y
Greatest Integer Function (GIF) ONE SHOT | Graphs, Inequalities, JEE 2026 - 2027|QeM4d6oPWg4|https://www.youtube.com/watch?v=QeM4d6oPWg4
Modulus Function MASTERED: Graphs & Inequalities ONE SHOT | JEE 2026-27 Foundation|Tfx8pMTv5X8|https://www.youtube.com/watch?v=Tfx8pMTv5X8
JEE Mains 2025 April – All PYQs | Inverse Trigonometric Functions (ITF) Solutions | Class 12|xGRiohePrsg|https://www.youtube.com/watch?v=xGRiohePrsg
JEE Mains 2025 April – All PYQs | Sequence & Series Solutions | Class 11 | Mr Exponent|GQ5YSCyZADA|https://www.youtube.com/watch?v=GQ5YSCyZADA
Wavy Curve Method MASTERED: Intervals ONE SHOT | JEE 2026 - 2027 (Basic Maths)|l7-gfWlwOvA|https://www.youtube.com/watch?v=l7-gfWlwOvA
JEE Mains 2025 April – All PYQs | Trigonometry Solutions | Class 11|xA8LBTJOxeE|https://www.youtube.com/watch?v=xA8LBTJOxeE
JEE Mains 2025 April – All PYQs | Quadratic Equations Solutions | Mr Exponent | Class 11|ENG0ywbPO48|https://www.youtube.com/watch?v=ENG0ywbPO48
You Will Never Be Confused About Infinity Again!|1SHZf4gxXN0|https://www.youtube.com/watch?v=1SHZf4gxXN0
Top 25 Maths Questions for Jee Mains 2025 April Attempt|kALpb74r71o|https://www.youtube.com/watch?v=kALpb74r71o
JEE Mains 2025 PYQ - Area Under Curve (AUC) | January Attempt Solutions | Maths Chapter Wise PYQs|nVtBaWUnA6I|https://www.youtube.com/watch?v=nVtBaWUnA6I
Master Determinants in Just 1 Hour | One-Shot Revision for JEE Mains|fNBNc094fIE|https://www.youtube.com/watch?v=fNBNc094fIE
JEE Mains 2025 PYQ - Definite Integration | Class 12 | January Attempt Solution | JEE Math Questions|WO0VkDkEmAU|https://www.youtube.com/watch?v=WO0VkDkEmAU
Never Forget 3D Geometry Again! | One-Shot Revision for JEE Mains|m6eNoUERs8o|https://www.youtube.com/watch?v=m6eNoUERs8o
Easiest Way to Get 90+ Percentile in JEE Mains 2025 Maths|bfKYs7lGpqY|https://www.youtube.com/watch?v=bfKYs7lGpqY
JEE Mains 2025 PYQ - Probability | Class 12 | January Attempt Solutions | Maths Chapter Wise PYQs|u5t7CxnmNks|https://www.youtube.com/watch?v=u5t7CxnmNks
JEE Mains 2025 PYQ - 3D Geometry | Class 12 | January Attempt Solutions | Maths Chapter Wise PYQs|7zLkziz5J1k|https://www.youtube.com/watch?v=7zLkziz5J1k
JEE Mains 2025 PYQ - Determinants | Class 12 | January Attempt Solutions | Maths Chapter Wise PYQs|DcC8tzjqI00|https://www.youtube.com/watch?v=DcC8tzjqI00
JEE Mains 2025 PYQ - Matrices | Class 12 | January Attempt Solutions | Maths Chapter Wise PYQs|oAHfAHeF_Lo|https://www.youtube.com/watch?v=oAHfAHeF_Lo
JEE Mains 2025 PYQ - Hyperbola | Class 11 | January Attempt Solutions | Maths Chapter Wise PYQs|YecC596qa0g|https://www.youtube.com/watch?v=YecC596qa0g
JEE Mains 2025 PYQ - Ellipse | Class 11 | January Attempt Solutions | Maths Chapter Wise PYQs|R35CoEqFwUE|https://www.youtube.com/watch?v=R35CoEqFwUE
JEE Mains 2025 PYQ - Parabola | Class 11 | January Attempt Solutions | Maths Chapter Wise PYQs|MCA8gocjhv4|https://www.youtube.com/watch?v=MCA8gocjhv4
JEE Mains 2025 PYQ - Circle | Class 11 | January Attempt Solutions | Maths Chapter Wise PYQs|E49UqGwUasw|https://www.youtube.com/watch?v=E49UqGwUasw
JEE Mains 2025 PYQ - Straight Lines | Class 11 | January Attempt Solutions | Maths Chapter Wise PYQs|LKlvpTJuJKQ|https://www.youtube.com/watch?v=LKlvpTJuJKQ
JEE Mains 2025 PYQ - Function | Class 12 | January Attempt Solutions | Maths Chapter Wise PYQs|9weCpfRwhhQ|https://www.youtube.com/watch?v=9weCpfRwhhQ
JEE Mains 2025 PYQ - Sets & Relations | January Attempt Solutions | Maths Chapter Wise PYQs|rO7chxztBY4|https://www.youtube.com/watch?v=rO7chxztBY4
JEE Mains 2025 April Attempt : Follow This Plan to get 99 Percentile in Maths|YE4Vre5_Va8|https://www.youtube.com/watch?v=YE4Vre5_Va8
How to find Number of Matrices with Given Entries | JEE Mains & Advanced|75_b3LZ7XsA|https://www.youtube.com/watch?v=75_b3LZ7XsA
Do THIS before April Attempt | 99 percentile in JEE Mains 2025 Maths|5M_kSpYhQEM|https://www.youtube.com/watch?v=5M_kSpYhQEM
JEE Mains 2025 PYQ - Complex Numbers | Class 11 | January Attempt Solution | Maths Chapter Wise PYQs|I6fGxqR-UIc|https://www.youtube.com/watch?v=I6fGxqR-UIc
JEE Mains 2025 PYQ - Indefinite Integration | Class 12 | January Attempt Solution |JEE Math Question|vQZdglEFpyM|https://www.youtube.com/watch?v=vQZdglEFpyM
JEE Mains 2025 April Attempt Fodna hai - 02 | How to Solve JEE Mains Maths Questions | IIT JEE PYQ|aHDq-7rFho8|https://www.youtube.com/watch?v=aHDq-7rFho8
New Exam Pattern for JEE Mains 2025 | Maths High Weightage Chapters for Jee | JEE 2025 April Session|q8MJVsleqOM|https://www.youtube.com/watch?v=q8MJVsleqOM
Jee Mains 2025 : Quadratic Equation Question | 29 January Shift 2 | IIT JEE MATHS PYQ|TVWVrCitohQ|https://www.youtube.com/watch?v=TVWVrCitohQ
JEE Mains 2025 April Attempt Fodna hai - 01 | How to Solve JEE Mains Maths Questions | IIT JEE PYQ|sqDuH4uk-BE|https://www.youtube.com/watch?v=sqDuH4uk-BE
Direction Cosines VS Direction Ratios | 3D Geometry | IIT JEE Maths | Jee Mains & Advanced 2025|d7ZNZYXf1mk|https://www.youtube.com/watch?v=d7ZNZYXf1mk
JEE Mains 2025 : 29 January Shift 2 | Matrices & Statistics Question | IIT JEE MATHS PYQ Solution|qRnprsptzQE|https://www.youtube.com/watch?v=qRnprsptzQE
JEE Mains 2025 PYQ - Application of Derivatives AOD | Class 12 | January Attempt Solutions|241wbye0Vsg|https://www.youtube.com/watch?v=241wbye0Vsg
Can You Solve This in First Attempt ? Jee Mains & Advanced 2025 | Differentiability | IIT JEE MATHS|7urw5SXG1gg|https://www.youtube.com/watch?v=7urw5SXG1gg
JEE Mains 2025 : Vector Algebra Question | 23 January Shift 2 | IIT JEE MATHS PYQ Solution|_uWjaq--UmI|https://www.youtube.com/watch?v=_uWjaq--UmI
JEE Mains 2025 PYQ - Statistics | Class 11 | January Attempt Solutions | Maths Chapter Wise PYQs|6zOFVvTQbLU|https://www.youtube.com/watch?v=6zOFVvTQbLU
JEE Mains 2025 : Binomial Theorem Question | 28 January Shift 1 | IIT JEE MATHS PYQ|yQ3ysBgg4Ak|https://www.youtube.com/watch?v=yQ3ysBgg4Ak
Jee Mains 2025 : Quadratic Equation Question | 29 January Shift 1 | IIT JEE MATHS PYQ|6Jn70ctYpMk|https://www.youtube.com/watch?v=6Jn70ctYpMk
Scored less than 25 marks in JEE Mains Maths ? Watch This|FpPOY9UKVY8|https://www.youtube.com/watch?v=FpPOY9UKVY8
JEE Mains 2025 PYQ - Binomial Theorem | Class 11 | January Attempt Solutions | Math Chapter Wise PYQ|BuWsedF0Z8o|https://www.youtube.com/watch?v=BuWsedF0Z8o
JEE Mains 2025 PYQ - Continuity & Differentiability | January Attempt Solutions | Class 12|XAo4qsSEUoM|https://www.youtube.com/watch?v=XAo4qsSEUoM
JEE Mains 2025 PYQ - Limit | Class 11 | January Attempt Solutions | Maths Chapter Wise PYQ Questions|whELjw7TJJA|https://www.youtube.com/watch?v=whELjw7TJJA
JEE Mains 2025 PYQ - Inverse Trigonometric Function | January Attempt Solutions | Maths Chapter Wise|KYwJwAPQ6XI|https://www.youtube.com/watch?v=KYwJwAPQ6XI
JEE Mains 2025 PYQ - Trigonometry | Class 11 | January Attempt Solutions | Maths Chapter Wise PYQs|tMmQv9Dv4Ns|https://www.youtube.com/watch?v=tMmQv9Dv4Ns
Continuity Made EASY in Just 30 Minutes | JEE One Shot Revision | JEE Mains|nbCZq7F77-M|https://www.youtube.com/watch?v=nbCZq7F77-M
JEE Mains 2025 PYQ - Quadratic Equation (11th) | January Attempt Solutions | Maths Chapter Wise PYQs|jFQJ7ZCjhb0|https://www.youtube.com/watch?v=jFQJ7ZCjhb0
JEE Mains 2025 PYQ - Vector Algebra | Class 12 | January Attempt Solutions | Maths Chapter Wise PYQs|rvLgn2aAhk4|https://www.youtube.com/watch?v=rvLgn2aAhk4
JEE 2025 : Train Your Brain | Functional Equation | IIT Jee Maths | Jee Mains & Advanced | Class 12|xX7u_KOSldA|https://www.youtube.com/watch?v=xX7u_KOSldA
JEE Mains 2025 PYQ - Sequence & Series (11th) | January Attempt Solutions | Maths Chapter Wise PYQs|3nw1_Xi9mck|https://www.youtube.com/watch?v=3nw1_Xi9mck
JEE 2025 : Train Your Brain | Limits ka Khel | IIT Jee Maths | Jee Mains & Advanced|YRBkXGByRus|https://www.youtube.com/watch?v=YRBkXGByRus
Master Limits in 40 Min | JEE One Shot | IIT JEE MATHS | JEE Mains Quick Revision|8Sj1POMVg_c|https://www.youtube.com/watch?v=8Sj1POMVg_c
Binomial Theorem Made Easy | JEE One Shot | Quick Revision | Class 11 | JEE Mains|sPCEuZqCRB0|https://www.youtube.com/watch?v=sPCEuZqCRB0
Complete Statistics in 20 Minutes | JEE ONE SHOT | Quick Revision for JEE Mains|OgFncZSIlwU|https://www.youtube.com/watch?v=OgFncZSIlwU
Complete Vector Algebra in 30 Min | JEE ONE SHOT | Quick Revision for JEE Mains & Advanced|ujQSeSTkKxE|https://www.youtube.com/watch?v=ujQSeSTkKxE
JEE Mains 2025 : 24 January Shift - 2 Paper Solution | Maths Important & Expected Questions|TFlg_K7tS_4|https://www.youtube.com/watch?v=TFlg_K7tS_4
JEE Mains 2025 : 24 January Shift - 1 Paper Solution | Maths Important & Expected Questions|Nwzt80or478|https://www.youtube.com/watch?v=Nwzt80or478
JEE Mains 2025 : 22 January Shift - 2 Paper Solution | Maths Important & Expected Questions|bUTdsLRWynQ|https://www.youtube.com/watch?v=bUTdsLRWynQ
JEE Mains 2025 : 23 January Shift - 2 Paper Solution | Maths Important & Expected Questions|nLppZuGHEGA|https://www.youtube.com/watch?v=nLppZuGHEGA
JEE Mains 2025 : 22 January Shift - 1 Paper Solution | Maths Important & Expected Questions|dWnNWGh1CPg|https://www.youtube.com/watch?v=dWnNWGh1CPg
JEE Mains 2025 : 23 January Shift - 1 Paper Solution | Maths Important & Expected Questions|1pWo6TAK8Uw|https://www.youtube.com/watch?v=1pWo6TAK8Uw
Jee Mains 2025 : How to attempt JEE Paper ? Exam Strategy | 22, 23, 24, 28, 29 January All Shift|8FH2UyX0ms8|https://www.youtube.com/watch?v=8FH2UyX0ms8
Jee Mains 2025 : Top 10 Maths Qs | Most Important & Expected Questions | Jee Maths|JVxk-uFi9VI|https://www.youtube.com/watch?v=JVxk-uFi9VI
🚨Avoid These Mistakes in Your JEE Mains 2025 Exam 🚨|AIIpU-ervSE|https://www.youtube.com/watch?v=AIIpU-ervSE
JEE Main : Top 100 Most Repeated Questions in Jee Mains | Top 10 Maths Chapters | Class 11, 12|xVEJbOEqj90|https://www.youtube.com/watch?v=xVEJbOEqj90
Application of Derivatives (AOD) Questions That Repeat Every Year | JEE Mains Maths|qyfVZmvWFlc|https://www.youtube.com/watch?v=qyfVZmvWFlc
Continuity & Differentiability Questions That Repeat Every Year | JEE Mains Maths|6adnadGKT8A|https://www.youtube.com/watch?v=6adnadGKT8A
Limits Questions That Repeat Every Year | JEE Mains Maths|C5fMP1UrhEM|https://www.youtube.com/watch?v=C5fMP1UrhEM
Functions Questions That Repeat Every Year | JEE Mains Maths|lEav42A1x98|https://www.youtube.com/watch?v=lEav42A1x98
Sets & Relations Questions That Repeat Every Year | JEE Mains Maths|a7cHPHW_SAI|https://www.youtube.com/watch?v=a7cHPHW_SAI
Determinants Questions That Repeat Every Year | JEE Mains Maths|YVtkFbqnq3Y|https://www.youtube.com/watch?v=YVtkFbqnq3Y
Matrices Questions That Repeat Every Year | JEE Mains Maths|QHNXoMVgJzc|https://www.youtube.com/watch?v=QHNXoMVgJzc
Binomial Theorem Questions That Repeat Every Year | JEE Mains Maths|j_-KQM0jXuI|https://www.youtube.com/watch?v=j_-KQM0jXuI
3D Geometry Questions That Repeat Every Year | JEE Mains Maths|a1JnKi8YNrA|https://www.youtube.com/watch?v=a1JnKi8YNrA
Top 10 Must Solve Maths Questions to Crack Jee Mains 2025 | Most Important & Expected Questions|06ydYYbf2Zs|https://www.youtube.com/watch?v=06ydYYbf2Zs
Sequence & Series Questions That Repeat Every Year | JEE Mains Maths|y-k4f2tu6cg|https://www.youtube.com/watch?v=y-k4f2tu6cg
This Question of Quadratic Equation frustrates Every JEE Aspirant | Jee Mains 2025|8WfTITh9rng|https://www.youtube.com/watch?v=8WfTITh9rng
Vector Algebra Questions That Repeat Every Year | JEE Mains Maths|pZEQnT7ENww|https://www.youtube.com/watch?v=pZEQnT7ENww
Jee Mains 2025 : Top 100 PYQ of Jee Main 2024 | Jee Maths | Most Important & Expected Questions|xaACO7PFeB0|https://www.youtube.com/watch?v=xaACO7PFeB0
Quadratic Equations Questions That Repeat Every Year | JEE Mains Maths|jCgYGmOqvG0|https://www.youtube.com/watch?v=jCgYGmOqvG0
All Unique PYQs of Jee Mains 2024 | JEE Maths | Most Important Questions for Jee Mains 2025|ZZIuKWeCQzk|https://www.youtube.com/watch?v=ZZIuKWeCQzk
30 Most Important & Expected Questions in Jee Mains 2025 | Jee Maths | Class 11 | Class 12|6EOlHCfM-cY|https://www.youtube.com/watch?v=6EOlHCfM-cY
JEE 2025 : PYQ Pulse | All PYQs of Jee Mains 2024 | Vector Algebra & 3D Geometry | Class 12|u7iI7vfL9vU|https://www.youtube.com/watch?v=u7iI7vfL9vU
JEE MAINS 2025 : Top 10 NTA's Most Repeated Questions in Jee Mains | Jee Maths|nKdf41H9koo|https://www.youtube.com/watch?v=nKdf41H9koo
Top 35 Topics to Start Studying NOW for 99 Percentile | JEE MAINS 2026|HJ3VcTXPahE|https://www.youtube.com/watch?v=HJ3VcTXPahE
Jee Mains 2025 Mock Test - 06 | Worth Your Time ! IIT JEE Maths | Free Online Test Series for Jee|XfwgnFmjHgw|https://www.youtube.com/watch?v=XfwgnFmjHgw
Toughest Questions of Jee Mains 2022 | Trigonometry | JEE PYQ | Class 11 | JEE 2025 | JEE 2026|pPzuJUuzW0E|https://www.youtube.com/watch?v=pPzuJUuzW0E
The Only Mock Test Strategy You Need to Master JEE Early !|8QgftF0qqow|https://www.youtube.com/watch?v=8QgftF0qqow
Toughest Questions of Jee Mains 2022 | 3D Geometry | JEE PYQ | Class 12 | JEE 2025 | JEE 2026|CfK_FGsTm8k|https://www.youtube.com/watch?v=CfK_FGsTm8k
Looks Easier Than It is ? Jee Mains 2025 | IIT JEE MATHS | JEE 2025 Important Question|VpCiGz1XenA|https://www.youtube.com/watch?v=VpCiGz1XenA
Toughest Questions of Jee Mains 2022 | Sequence & Series | JEE PYQ | Class 11 | JEE 2025 | JEE 2026|IRCRMSTQXZk|https://www.youtube.com/watch?v=IRCRMSTQXZk
Toughest Questions of Jee Mains 2022 | Vector Algebra | JEE PYQ | Class 12 | JEE 2025 | JEE 2026|w92d00VTuqg|https://www.youtube.com/watch?v=w92d00VTuqg
Toughest Questions of Jee Mains 2022 | Quadratic Equation | JEE PYQ | Class 11 | JEE 2025 | JEE 2026|x23q_XMV8XQ|https://www.youtube.com/watch?v=x23q_XMV8XQ
Jee Mains 2025 Mock Test - 05 | Worth Your Time ! IIT JEE Maths | Free Online Test Series for Jee|m1EYXByY2Dc|https://www.youtube.com/watch?v=m1EYXByY2Dc
All PYQs of Jee Mains 2024 - April Session | Statistics | Maths Chapter Wise PYQ Questions|hSOLDnfDlK8|https://www.youtube.com/watch?v=hSOLDnfDlK8
All PYQs of Jee Mains 2024 - April Session | Determinants | Maths Chapter Wise PYQ Questions|pK--FZaR_nw|https://www.youtube.com/watch?v=pK--FZaR_nw
Complete Logarithm in just 10 Min | Quick Revision | JEE One Shot | Jee Mains & Advanced | Class 11|wmWgRblOCWA|https://www.youtube.com/watch?v=wmWgRblOCWA
Jee Mains 2025 Mock Test - 04 | Worth Your Time ! IIT JEE Maths | Free Online Test Series for Jee|cE58g67Hx4s|https://www.youtube.com/watch?v=cE58g67Hx4s
All PYQs of Jee Mains 2024 - April Session | Matrices | Maths Chapter Wise PYQ Questions|1GqRG8GF-0o|https://www.youtube.com/watch?v=1GqRG8GF-0o
Composite Function - fog , gof , fof , gog , fogoh | Jee Mains & Advanced | IIT JEE Maths | Class 12|lnpGyQjeDH8|https://www.youtube.com/watch?v=lnpGyQjeDH8
Signum Function - Graph , Domain & Range | Jee Mains & Advanced | IIT JEE Maths | Class 11|jRQjapB8nlE|https://www.youtube.com/watch?v=jRQjapB8nlE
JEE 2025 : PYQ Pulse | All PYQs of Jee Mains 2024 | Parabola, Ellipse & Hyperbola ( Conic Section )|00dBzYIutzo|https://www.youtube.com/watch?v=00dBzYIutzo
Jee Mains 2025 Mock Test - 03 | Worth Your Time ! IIT JEE Maths | Free Online Test Series for Jee|Nlrnv0pc6wA|https://www.youtube.com/watch?v=Nlrnv0pc6wA
All PYQs of Jee Mains 2024 - April Session | 3D Geometry | Maths Chapter Wise PYQ Questions|FWcCnp8FQFw|https://www.youtube.com/watch?v=FWcCnp8FQFw
JEE 2025 : END GAME | Trigonometry One Shot | Jee Mains & Advanced | IIT JEE Maths | Class 11|1lDJXXY6ivc|https://www.youtube.com/watch?v=1lDJXXY6ivc
Jee Mains 2025 Mock Test - 02 | Worth Your Time ! IIT JEE Maths | Free Online Test Series for Jee|ve-VzPFaQJw|https://www.youtube.com/watch?v=ve-VzPFaQJw
Every JEE Aspirant MUST WATCH This Jee Advanced Question of Complex Numbers|DrWZGXWXJSM|https://www.youtube.com/watch?v=DrWZGXWXJSM
Integration of Fractional Part Function ( F P F ) | Jee Mains & Advanced | IIT JEE MATHS | Class 12|47fxQcpcZTs|https://www.youtube.com/watch?v=47fxQcpcZTs
Jee Mains 2025 Mock Test - 01 | Worth Your Time ! IIT JEE Maths | Free Online Test Series for Jee|jDovzf9Rfy8|https://www.youtube.com/watch?v=jDovzf9Rfy8
JEE 2025 : END GAME | Sequence and Series One Shot | Jee Mains & Advanced | IIT JEE Maths | Class 11|hq9cuElmwyA|https://www.youtube.com/watch?v=hq9cuElmwyA
JEE 2025 : PYQ Pulse | All PYQs of Jee Mains 2024 | Straight Lines & Circles | Class 11|oUm6StOfZRw|https://www.youtube.com/watch?v=oUm6StOfZRw
Integration of Greatest Integer Function ( G I F ) | Jee Mains & Advanced | IIT JEE MATHS | Class 12|0Jah5smHHaI|https://www.youtube.com/watch?v=0Jah5smHHaI
JEE 2025 : PYQ Pulse | All PYQs of Jee Mains 2024 | Set , Relation & Function | Class 12|wrd22roUpmA|https://www.youtube.com/watch?v=wrd22roUpmA
Can You Solve This Jee Advanced Integration Question in Just 3 Minutes ?|MqUF1cO3rGA|https://www.youtube.com/watch?v=MqUF1cO3rGA
Jee 2025 Challenge : Can you solve this Question ? IIT JEE MATHS | Vector Algebra|lPLY-Z-Uhn0|https://www.youtube.com/watch?v=lPLY-Z-Uhn0
JEE 2025 : END GAME | Quadratic Equations One Shot | Jee Mains & Advanced | IIT JEE Maths | Class 11|GU8uXpDu0_o|https://www.youtube.com/watch?v=GU8uXpDu0_o
All PYQs of Jee Mains 2024 - April Session | Vector Algebra | Maths Chapter Wise PYQ Questions|gssFxVarP-M|https://www.youtube.com/watch?v=gssFxVarP-M
JEE 2025 : PYQ Pulse | All PYQs of Jee Mains 2024 | Indefinite & Definite Integration | Class 12|50dv9i913v0|https://www.youtube.com/watch?v=50dv9i913v0
Most Important & Expected Question for Jee Mains 2025 | IIT JEE Maths|25i7Q4uux_Y|https://www.youtube.com/watch?v=25i7Q4uux_Y
Local Maxima & Minima | AOD | Maximum & Minimum Value | Jee Mains & Advanced | IIT JEE Maths|sT9Kse572fU|https://www.youtube.com/watch?v=sT9Kse572fU
All PYQs of Jee Mains 2024 - April Session | Area Under Curve | Maths Chapter Wise PYQ Questions|JG98OL-S9fM|https://www.youtube.com/watch?v=JG98OL-S9fM
All PYQs of Jee Mains - January 2024| Permutation and Combination | Maths Chapter Wise PYQ Questions|We8IxlfnrQ0|https://www.youtube.com/watch?v=We8IxlfnrQ0
All PYQs of Jee Mains 2024 - April Session | Definite Integration | Maths Chapter Wise PYQ Questions|-RuMBOCActI|https://www.youtube.com/watch?v=-RuMBOCActI
This Jee Advanced Question of Binomial Theorem is Simple, Yet Deadly !|btoxg_MPq7k|https://www.youtube.com/watch?v=btoxg_MPq7k
All PYQs of Jee Mains 2024 April Session | Indefinite Integration | Maths Chapter Wise PYQ Questions|3KCxdXqC5Ik|https://www.youtube.com/watch?v=3KCxdXqC5Ik
All PYQs of Jee Mains - April 2024 | Application of Derivatives AOD | Maths Chapter Wise Questions|I3W1TetYNLM|https://www.youtube.com/watch?v=I3W1TetYNLM
All PYQs of Jee Mains 2024 - April Session | Differentiation | Maths Chapter Wise PYQ Questions|OYszzqklBxg|https://www.youtube.com/watch?v=OYszzqklBxg
All PYQs of Jee Mains - April 2024 | Continuity & Differentiability | Maths Chapter Wise Questions|_e87IquQYn4|https://www.youtube.com/watch?v=_e87IquQYn4
All PYQs of Jee Mains - April 2024 | Inverse Trigonometric Functions | Maths Chapter Wise Questions|SRZMV6HEFmY|https://www.youtube.com/watch?v=SRZMV6HEFmY
All PYQs of Jee Mains 2024 - April Session | Function | Maths Chapter Wise PYQ Questions|O1H-DcE3zvc|https://www.youtube.com/watch?v=O1H-DcE3zvc
All PYQs of Jee Mains 2024 - April Session | Sets and Relations | Maths Chapter Wise PYQ Questions|vFE9dgVhsOs|https://www.youtube.com/watch?v=vFE9dgVhsOs
All PYQs of Jee Mains 2024 - April Session | Limits & Derivatives | Maths Chapter Wise PYQ Questions|teox4eiP6zg|https://www.youtube.com/watch?v=teox4eiP6zg
All PYQs of Jee Mains 2024 - April Session | Binomial Theorem | Maths Chapter Wise PYQ Questions|BP5Uq2xgNXs|https://www.youtube.com/watch?v=BP5Uq2xgNXs
The Only Video on Zero Times Infinity You will Ever Need | JEE Maths|EXUalH-_diM|https://www.youtube.com/watch?v=EXUalH-_diM
All PYQs of Jee Mains 2024 - April Session | Hyperbola | Maths Chapter Wise PYQ Questions|OfyiYJY04Qs|https://www.youtube.com/watch?v=OfyiYJY04Qs
All PYQs of Jee Mains 2024 - April Session | Ellipse | Maths Chapter Wise PYQ Questions|f5bB8TIF5hA|https://www.youtube.com/watch?v=f5bB8TIF5hA
All PYQs of Jee Mains 2024 - April Session | Parabola | Maths Chapter Wise PYQ Questions|ze1hhhxE38w|https://www.youtube.com/watch?v=ze1hhhxE38w
All PYQs of Jee Mains 2024 - April Session | Circle | Maths Chapter Wise PYQ Questions|vXD_wDGvXNw|https://www.youtube.com/watch?v=vXD_wDGvXNw
Most Important Topic of Definite Integration | Jee Mains & Advanced | IIT JEE MATHS|WDxHeSY9KWk|https://www.youtube.com/watch?v=WDxHeSY9KWk
All PYQs of Jee Mains 2024 - April Session | Straight Lines | Maths Chapter Wise PYQ Questions|jEXUGHfWOMM|https://www.youtube.com/watch?v=jEXUGHfWOMM
Jee Advanced 2024 Question solved in 1 min | IIT JEE MATHS | Jee 2025|BQ2nZFTIQzs|https://www.youtube.com/watch?v=BQ2nZFTIQzs
Jee Advanced 2024 : Easiest , but Confusing Question | IIT JEE MATHS | Jee 2025|fz6fuvZyXsk|https://www.youtube.com/watch?v=fz6fuvZyXsk
All PYQs of Jee Mains 2024 - April Session | Trigonometry | Maths Chapter Wise PYQ Questions|A3NPkfyav1g|https://www.youtube.com/watch?v=A3NPkfyav1g
How to Solve JEE Advanced Questions Like a Topper - 5|9_WS5qp4TqU|https://www.youtube.com/watch?v=9_WS5qp4TqU
How to Solve JEE Advanced Questions Like a Topper - 4|o2LlfUglzsc|https://www.youtube.com/watch?v=o2LlfUglzsc
Should You use Tukka Tricks in Jee Mains & Advanced Exam ?|719PDmvUhkM|https://www.youtube.com/watch?v=719PDmvUhkM
Most Unique Question of Jee Mains 2024|ORw5o5hcHmw|https://www.youtube.com/watch?v=ORw5o5hcHmw
All PYQs of Jee Mains 2024 - April Session | Complex Numbers | Maths Chapter Wise PYQ Questions|PrGRrZpC-0Q|https://www.youtube.com/watch?v=PrGRrZpC-0Q
Why do we do Integration in Maths ?|-1h42X0BZBE|https://www.youtube.com/watch?v=-1h42X0BZBE
All PYQs of Jee Mains 2024 - April Session | Sequence & Series | Maths Chapter Wise PYQ Questions|P0UQd2U7Erk|https://www.youtube.com/watch?v=P0UQd2U7Erk
All PYQs of Jee Mains - January 2024 | Area Under Curve | Maths Chapter Wise PYQ Questions|eMR4v4L0vjE|https://www.youtube.com/watch?v=eMR4v4L0vjE
Why & How is the Derivative of sinx equals to cosx ?|It8fG5Vepag|https://www.youtube.com/watch?v=It8fG5Vepag
Most Important & Expected Question for Jee Advanced 2024 | IIT JEE MATHS|l_9IHlmw6tk|https://www.youtube.com/watch?v=l_9IHlmw6tk
Watch This If You Think This Does NOT Exists|P2NOKjPwPDg|https://www.youtube.com/watch?v=P2NOKjPwPDg
All PYQs of Jee Mains 2024 - April Session | Quadratic Equations | Maths Chapter Wise PYQ Questions|BWmMoTzyNrM|https://www.youtube.com/watch?v=BWmMoTzyNrM
Can iota to the power iota (i^i) Really a Real Number ?|Q3i-sp1uA7Q|https://www.youtube.com/watch?v=Q3i-sp1uA7Q
This Quadratic Equation Question is a Game Changer for JEE Advanced|GlfFg9NG4Co|https://www.youtube.com/watch?v=GlfFg9NG4Co
How to Solve JEE Advanced Questions Like a Topper - 3|fwicdb4n3vA|https://www.youtube.com/watch?v=fwicdb4n3vA
All PYQs of Jee Mains - January 2024 | Definite Integration | Maths Chapter Wise PYQ Questions|C3Fa-59xD_M|https://www.youtube.com/watch?v=C3Fa-59xD_M
All PYQs of Jee Mains - January 2024 | Indefinite Integration | Maths Chapter Wise PYQ Questions|brfhaqrBoC8|https://www.youtube.com/watch?v=brfhaqrBoC8
All PYQs of Jee Mains - January 2024 | Binomial Theorem | Maths Chapter Wise PYQ Questions|YUHaQZ1u5G4|https://www.youtube.com/watch?v=YUHaQZ1u5G4
All PYQs of Jee Mains - January 2024 | Statistics | Maths Chapter Wise PYQ Questions | Class 11 & 12|M5bgdQE8CEg|https://www.youtube.com/watch?v=M5bgdQE8CEg
All PYQs of Jee Mains - January 2024 | Hyperbola | Maths Chapter Wise PYQ Questions | Class 11|WTSjfm1Qj6Q|https://www.youtube.com/watch?v=WTSjfm1Qj6Q
All PYQs of Jee Mains - January 2024 | Ellipse | Maths Chapter Wise PYQ Questions | Class 11|tJGt3SPqToM|https://www.youtube.com/watch?v=tJGt3SPqToM
All PYQs of Jee Mains - January 2024 | Parabola | Maths Chapter Wise PYQ Questions | Class 11|fmxFuA04sko|https://www.youtube.com/watch?v=fmxFuA04sko
All PYQs of Jee Mains - January 2024 | Circles | Maths Chapter Wise PYQ Questions | Class 11|1C2eb34mZKY|https://www.youtube.com/watch?v=1C2eb34mZKY
How to Solve JEE Advanced Questions Like a Topper - 2 | Jee Advanced 2025 | IIT JEE MATHS|ZgeDGALJpjo|https://www.youtube.com/watch?v=ZgeDGALJpjo
All PYQs of Jee Mains - January 2024 | Straight Lines | Maths Chapter Wise PYQ Questions | Class 11|JmarncAi-nw|https://www.youtube.com/watch?v=JmarncAi-nw
All PYQs of Jee Mains - January 2024 | Complex Numbers | Maths Chapter Wise PYQ Questions | Class 11|-P8L4xYhO_M|https://www.youtube.com/watch?v=-P8L4xYhO_M
How to Solve JEE Advanced Questions Like a Topper - 1|EzFVmnK6eFU|https://www.youtube.com/watch?v=EzFVmnK6eFU
All PYQs of Jee Mains - January 2024 | Quadratic Equations | Maths Chapter Wise PYQ Questions|ewgbeF_KW60|https://www.youtube.com/watch?v=ewgbeF_KW60
All PYQs of Jee Mains - January 2024 | Sequence and Series | Maths Chapter Wise PYQ Questions|cWsrGTvOQaQ|https://www.youtube.com/watch?v=cWsrGTvOQaQ
All PYQs of Jee Mains - January 2024 | Functions | Maths Chapter Wise PYQ Questions | Class 11 - 12|MViSF2cYAQM|https://www.youtube.com/watch?v=MViSF2cYAQM
All PYQs of Jee Mains - January 2024 | Sets and Relations | Maths Chapter Wise PYQ Questions|j2qGVghIotA|https://www.youtube.com/watch?v=j2qGVghIotA
All PYQs of Jee Mains - January 2024 | Determinants | Maths chapter wise PYQ Questions | Class 12|p6Qtrr_4DXk|https://www.youtube.com/watch?v=p6Qtrr_4DXk
All PYQs of Jee Mains - January 2024 | Matrices | Maths Chapter wise PYQ Questions | Class 12|Hzyhg3Iyoyc|https://www.youtube.com/watch?v=Hzyhg3Iyoyc
All PYQs of Jee Mains - January 2024 | Inverse Trigonometric Function | Maths chapter wise Questions|nlCuDl9AM24|https://www.youtube.com/watch?v=nlCuDl9AM24
All PYQs of Jee Mains - January 2024 | Three Dimensional 3D Geometry | Maths chapter wise Questions|qXjzFRhe7yw|https://www.youtube.com/watch?v=qXjzFRhe7yw
This Jee Advanced Question will make You rethink Everything about Trigonometry|lNvy18dxxCY|https://www.youtube.com/watch?v=lNvy18dxxCY
All PYQs of Jee Mains - January 2024 | Vector Algebra | Maths chapter wise PYQ Questions | Class 12|A61bEoqktc4|https://www.youtube.com/watch?v=A61bEoqktc4
All PYQs of Jee Mains - January 2024 | Application of Derivatives | Maths chapter wise PYQ Questions|yJz7fHkHvqQ|https://www.youtube.com/watch?v=yJz7fHkHvqQ
All PYQs of Jee Mains - January 2024 | Methods of Differentiation | Maths chapter wise PYQ Questions|dR1_7wnDt7k|https://www.youtube.com/watch?v=dR1_7wnDt7k
All PYQs of Jee Mains January 2024 | Continuity & Differentiability | Maths chapter wise Questions|15apH_bA5dA|https://www.youtube.com/watch?v=15apH_bA5dA
All PYQs of Jee Mains - January 2024 | Limits & Derivatives | Maths chapter wise PYQ Questions|ZWxbvc5gY3Y|https://www.youtube.com/watch?v=ZWxbvc5gY3Y
This Jee Advanced Matrices & Determinants Question is easier than it looks !|R7KtjXg3cNo|https://www.youtube.com/watch?v=R7KtjXg3cNo
All PYQs of Jee Mains - January 2024 | Trigonometry | Class 11  | Maths Chapter wise PYQ Questions|fdjo-kgttlA|https://www.youtube.com/watch?v=fdjo-kgttlA
Jee Mains : 30 January 2024 - Shift 1 | Most Important Question | Jee Mains 2024 | IIT JEE MATHS|qqoM_tor8cY|https://www.youtube.com/watch?v=qqoM_tor8cY
Jee Mains : 29 January 2024 - Shift 2 | Most Important Question | Jee Mains 2024 | IIT JEE MATHS|0w3HpcGk2Bw|https://www.youtube.com/watch?v=0w3HpcGk2Bw
Jee Mains : 29 January 2024 - Shift 1 | Most Important Question | Jee Mains 2024 | IIT JEE MATHS|5eah1zt2udw|https://www.youtube.com/watch?v=5eah1zt2udw
Jee Mains 2024 : 27 January - Shift 2 | Most Important Question | IIT JEE MATHS|4unz8ghnbL8|https://www.youtube.com/watch?v=4unz8ghnbL8
Jee Mains : 27 January 2024 - Shift 1 & 2 | Most Important Question | Jee Mains 2024 | IIT JEE MATHS|UVlwx-BQsYI|https://www.youtube.com/watch?v=UVlwx-BQsYI
Jee Mains : 27 January 2024 - Shift 1 | Most Important Question | Jee Mains 2024 | IIT JEE MATHS|O2SzXb2eiMQ|https://www.youtube.com/watch?v=O2SzXb2eiMQ
JEE 2024 : Most Asked Topics in Jee Mains | Application of Derivatives (AOD) | Jee Maths | Class 12|8srhZLaFaR8|https://www.youtube.com/watch?v=8srhZLaFaR8
Most Important & Expected Question for Jee Mains 2024 | IIT JEE Maths|7qkoiFJFIG8|https://www.youtube.com/watch?v=7qkoiFJFIG8
Most Important & Expected Question for Jee Mains 2024 | IIT JEE Maths|PWHpNsJczjU|https://www.youtube.com/watch?v=PWHpNsJczjU
JEE 2024 : Most Asked / Repeated Topics in Jee Mains | Vector Algebra | Jee Maths | Class 12|jRkQZKHKmeA|https://www.youtube.com/watch?v=jRkQZKHKmeA
Most Important & Expected Question for Jee Mains 2024 | IIT JEE Maths|LYM9yKj6pUY|https://www.youtube.com/watch?v=LYM9yKj6pUY
JEE 2024 : Can You Solve This ? Most Expected Questions | Jee Mains & Advanced 2024|UwU-Sxk1b-w|https://www.youtube.com/watch?v=UwU-Sxk1b-w
JEE Mains 2024 Mini Test Series - 11 | Most Important & Expected Questions | Jee Maths | Jee 2025|u9u_wFrNL34|https://www.youtube.com/watch?v=u9u_wFrNL34
JEE 2024 : Can You Solve This ? Most Expected Questions | Jee Mains & Advanced 2024|J54wI3mi74U|https://www.youtube.com/watch?v=J54wI3mi74U
How to check the differentiability of any function ? Jee Mains & Advanced | Class 12 | IIT JEE MATHS|Mp_0cMCdD-k|https://www.youtube.com/watch?v=Mp_0cMCdD-k
I bet You can't Solve This JEE Advanced Circle Question|1L9p1-hr5Bg|https://www.youtube.com/watch?v=1L9p1-hr5Bg
JEE 2024 : Most Asked Topics in Jee Mains | Three Dimensional (3D) Geometry | Jee Maths | Class 12|N1pTE7CgBho|https://www.youtube.com/watch?v=N1pTE7CgBho
How to Find Remainder using Binomial theorem | Class 11 | Jee Mains & Advanced | IIT Jee Maths|dx4XPIhZuQY|https://www.youtube.com/watch?v=dx4XPIhZuQY
All PYQs of Jee Mains 2023 | 3D Geometry | Class 11 - 12 | Maths chapter wise PYQ Questions|_n4dB7IhuL4|https://www.youtube.com/watch?v=_n4dB7IhuL4
Most Difficult Question of Statistics | Jee Mains 2024 | Class 11 - 12 | Jee Maths|syoNLg9uj9w|https://www.youtube.com/watch?v=syoNLg9uj9w
JEE 2024 : Most Asked Topics in Jee Mains | Binomial Theorem - 2 | Jee Maths|YYY8tHkS0ZI|https://www.youtube.com/watch?v=YYY8tHkS0ZI
All PYQs of Jee Mains 2023 | Statistics | Class 11 - 12 | Maths chapter wise PYQ Questions|KXiTOOnNNJ4|https://www.youtube.com/watch?v=KXiTOOnNNJ4
JEE 2024 : Most Asked Topics in Jee Mains | Binomial Theorem - 1 | Jee Maths|LASjAWdNvJA|https://www.youtube.com/watch?v=LASjAWdNvJA
JEE Mains 2024 Mini Test Series - 10 | Most Important & Expected Questions | Jee Maths | Jee 2025|Nnbdn2tvw7Q|https://www.youtube.com/watch?v=Nnbdn2tvw7Q
All PYQs of Jee Mains 2023 | Differentiability | Class 12 | Maths chapter wise PYQ Questions|y4RmU67BT9Q|https://www.youtube.com/watch?v=y4RmU67BT9Q
Will You dare to solve this Jee Advanced Question of Quadratic Equations ?|lQRn83N5iTI|https://www.youtube.com/watch?v=lQRn83N5iTI
JEE Mains 2024 Mini Test Series - 9 | Most Important & Expected Questions | Jee Maths | Jee 2025|bTNkK7p5oy4|https://www.youtube.com/watch?v=bTNkK7p5oy4
All PYQs of Jee Mains 2023 | Continuity | Class 11 - 12 | Maths chapter wise PYQ Questions|y6j2Qvx5TFM|https://www.youtube.com/watch?v=y6j2Qvx5TFM
How to check the Continuity of any Function ? Jee Mains & Advanced | Class 12 | IIT JEE MATHS|yt02uz43168|https://www.youtube.com/watch?v=yt02uz43168
Toughest Questions (PYQs) of Jee Advanced | Quadratic Equations | Class 11 | Jee 2024 | Jee 2025|5h2UXFxLFng|https://www.youtube.com/watch?v=5h2UXFxLFng
All PYQs of Jee Mains 2023 | Sequence and Series - Part 2 | Maths chapter wise PYQ Questions|W8r0xZFGajo|https://www.youtube.com/watch?v=W8r0xZFGajo
Toughest Questions (PYQs) of Jee Advanced | Logarithm | Class 11 | Class 12 | Jee 2024 | Jee 2025|ORIiCuAC0MU|https://www.youtube.com/watch?v=ORIiCuAC0MU
JEE Mains 2024 Mini Test Series - 8 | Most Important & Expected Questions | Jee Maths | Jee 2025|phhFgpdkykU|https://www.youtube.com/watch?v=phhFgpdkykU
JEE Mains 2024 Mini Test Series - 7 | Most Important & Expected Questions | Jee Maths | Jee 2025|y1ddU2_bTM4|https://www.youtube.com/watch?v=y1ddU2_bTM4
Differentiation of Fractional Part Function (F. P. F.) - Jee Mains & Advanced | Class 11 & 12|_d8lcy9BtFY|https://www.youtube.com/watch?v=_d8lcy9BtFY
Solve This Question If You Want to get into IIT|Lpyzq1jppK0|https://www.youtube.com/watch?v=Lpyzq1jppK0
Differentiation of Greatest Integer Function (G. I. F.) - Jee Mains & Advanced | Class 11 & 12|GYZ_tH363V0|https://www.youtube.com/watch?v=GYZ_tH363V0
This Question will come in Jee Mains 2024|mRZe7Gj68sU|https://www.youtube.com/watch?v=mRZe7Gj68sU
JEE Mains 2024 Mini Test Series - 6 | Most Important & Expected Questions | Jee Maths | Jee 2025|Ep3Fo_kGYjA|https://www.youtube.com/watch?v=Ep3Fo_kGYjA
All PYQs of Jee Mains 2023 | Sequence and Series - Part 1 | Maths chapter wise PYQ Questions|UghaYmUryjI|https://www.youtube.com/watch?v=UghaYmUryjI
JEE 2024 : Can You Solve This ? Most Expected Questions | Jee Mains & Advanced 2024|eeE_SyVWY1U|https://www.youtube.com/watch?v=eeE_SyVWY1U
92% students Cannot solve this Question , Can you do it ?|ySGjg2WfIug|https://www.youtube.com/watch?v=ySGjg2WfIug
JEE Mains 2024 Mini Test Series - 5 | Most Important & Expected Questions | Jee Maths | Jee 2025|Znmtu2OnfvE|https://www.youtube.com/watch?v=Znmtu2OnfvE
JEE 2024 : Can You Solve This ? Most Expected Questions | Jee Mains & Advanced 2024|VaPmBJXjvI8|https://www.youtube.com/watch?v=VaPmBJXjvI8
All PYQs of Jee Mains 2023 | Limits - Part 2 | Class 11 - 12 | Maths chapter wise PYQ Questions|d4VxYkLgtUI|https://www.youtube.com/watch?v=d4VxYkLgtUI
How to solve Limits Questions in 30 seconds ? Limits shortcut Tricks | Jee Mains & Advanced|v0pDhh_ONPo|https://www.youtube.com/watch?v=v0pDhh_ONPo
All PYQs of Jee Mains 2023 | Limits - Part 1 | Class 11 - 12 | Maths chapter wise PYQ Questions|vK8vRCVgALo|https://www.youtube.com/watch?v=vK8vRCVgALo
JEE 2024 : Can You Solve This ? Most Expected Questions | Jee Mains & Advanced 2024|aJDqsHXJYsk|https://www.youtube.com/watch?v=aJDqsHXJYsk
JEE 2024 : Can You Solve This ? Most Expected Questions | Jee Mains & Advanced 2024|WBjzOxL3YSI|https://www.youtube.com/watch?v=WBjzOxL3YSI
JEE Mains 2024 Mini Test Series - 4 | Most Important & Expected Questions | Jee Maths | Jee 2025|6n1PetKMH2U|https://www.youtube.com/watch?v=6n1PetKMH2U
How to solve Sequence and Series Questions in 30 Sec ? AP , GP , HP shortcut tricks | IIT Jee Maths|y0ulohHYMBE|https://www.youtube.com/watch?v=y0ulohHYMBE
JEE Mains 2024 Mini Test Series - 3 | Most Important & Expected Questions | Jee Maths | Jee 2025|LT7eykv44HQ|https://www.youtube.com/watch?v=LT7eykv44HQ
How to solve Vector Questions in 30 seconds | Vector Algebra shortcut Tricks | Jee Mains & Advanced|63mDBHmSXr8|https://www.youtube.com/watch?v=63mDBHmSXr8
JEE Mains 2024 Mini Test Series - 2 | Most Important & Expected Questions | Jee Maths | Jee 2025|KzhmMuPUmcA|https://www.youtube.com/watch?v=KzhmMuPUmcA
JEE Mains 2024 Mini Test Series - 1 | Most Important & Expected Questions | Jee Maths | Jee 2025|b3HSCw2ocLg|https://www.youtube.com/watch?v=b3HSCw2ocLg
Jee Mains 2024 | Quadratic Equations Part 2 | Maths Chapter Wise PYQ | Jee Mains 2023|qtjqTAIw8Hw|https://www.youtube.com/watch?v=qtjqTAIw8Hw
Jee Mains 2024 | Quadratic Equations Part 1 | Maths Chapter Wise PYQ | Jee Mains 2023|S6QsOw2c1aE|https://www.youtube.com/watch?v=S6QsOw2c1aE
Dividing by Zero: Undefined OR Infinity ? Mathematics Mystery | Jee Basics | IIT JEE MATHS|UXw2UulihkA|https://www.youtube.com/watch?v=UXw2UulihkA
JEE 2024 : Can You Solve This ? Most Expected Questions | Jee Mains & Advanced 2024|llvGHw6aAGI|https://www.youtube.com/watch?v=llvGHw6aAGI
JEE 2024 : Can You Solve This ? Most Expected Questions | Jee Mains & Advanced 2024|5pW2c_lo4d0|https://www.youtube.com/watch?v=5pW2c_lo4d0
Why anything divided by zero is undefined ? Math Mysteries Solved | JEE Basics|lBMwwFcpSio|https://www.youtube.com/watch?v=lBMwwFcpSio
The ONLY Way to ZERO Calculation Mistakes in JEE (Boost Your Accuracy!)|PoCxquNGMHA|https://www.youtube.com/watch?v=PoCxquNGMHA
All PYQs of Jee Mains 2023 | Straight Line (Part 1) | Maths Chapter Wise PYQ Questions|SAlvum6fXR4|https://www.youtube.com/watch?v=SAlvum6fXR4
How to Crack JEE in First Attempt ? Jee Mains & Advanced Preparation Strategy | Jee 2024 | Jee 2025|3_23YlJDa-c|https://www.youtube.com/watch?v=3_23YlJDa-c
How to study Maths for Jee Mains & Advanced ? Jee Preparation Strategy | Jee 2024 | Jee 2025|GMPAJtTocYU|https://www.youtube.com/watch?v=GMPAJtTocYU
Why matrix multiplication is defined the way it is ?  Jee Mains & Advanced | IIT Jee Maths Class 12|mMGrokLX1YI|https://www.youtube.com/watch?v=mMGrokLX1YI
All PYQs of Jee Mains 2023 | Vector Algebra - Part 2 | Class 11 - 12 | Maths Chapter Wise Questions|VeGq1qxFzxM|https://www.youtube.com/watch?v=VeGq1qxFzxM
What does the Vector Dot Product represent ? Jee Mains & Advanced | IIT Jee Maths | Class 11& 12|iAgcqpQHPD0|https://www.youtube.com/watch?v=iAgcqpQHPD0
Fractional Part Function (F.P.F.) | Jee Mains & Advanced | IIT Jee Maths | Class 11 & 12|xufVoH0l_58|https://www.youtube.com/watch?v=xufVoH0l_58
Greatest Integer Function (G.I.F.) | Jee Mains & Advanced | IIT Jee Maths | Class 11 & 12|udIT8OnBePE|https://www.youtube.com/watch?v=udIT8OnBePE
Why Do Trigonometric Functions Repeat After 360°? | Trigonometry | Class 11 | JEE Mains & Advanced|R3qFwJY0VeU|https://www.youtube.com/watch?v=R3qFwJY0VeU
All PYQs of Jee Mains 2023 | Vector Algebra - Part 1 | Class 11 - 12 | Maths Chapter Wise Questions|NimzCxRa0Tw|https://www.youtube.com/watch?v=NimzCxRa0Tw
Why no one teaches this graph ? Location of roots | Jee Mains 2024 | IIT JEE Maths|7HFwQOfVbBQ|https://www.youtube.com/watch?v=7HFwQOfVbBQ
Jee Mains 2024 : 1 Minute Challenge | Most Important PYQs | IIT Jee Maths | Previous Year MCQs - 2|Ruwbyly9eB4|https://www.youtube.com/watch?v=Ruwbyly9eB4
All PYQs of Jee Mains 2023 | Trigonometry | Class 11 - 12 | Maths Chapter Wise PYQ Questions|G99uxdQ6I3E|https://www.youtube.com/watch?v=G99uxdQ6I3E
Jee Mains 2024 : 1 Minute Challenge | Most Important PYQs | IIT Jee Maths | Previous Year MCQs - 1|-eTn0OeXm-E|https://www.youtube.com/watch?v=-eTn0OeXm-E
All PYQs of Jee Mains 2023 | Quadratic Equations | Class 11 - 12 | Maths Chapter Wise PYQ Questions|3XZ5tsn92EY|https://www.youtube.com/watch?v=3XZ5tsn92EY
"Easiest Question Ever ? Jee Advanced 2023 | Jee 2024 | Vector Algebra|n4SUlr-_6YY|https://www.youtube.com/watch?v=n4SUlr-_6YY
Why is 0 factorial equal to 1 ? JEE Basics | JEE Mains & Advanced | IIT Jee Maths|laazC1n5qY8|https://www.youtube.com/watch?v=laazC1n5qY8
Most Difficult Question in Jee Mains | Quadratic Equations | Jee Mains|vNmxqCNfp0U|https://www.youtube.com/watch?v=vNmxqCNfp0U
Why Negative Times Negative Equals Positive? Maths Basics|uOK7vhMa9N0|https://www.youtube.com/watch?v=uOK7vhMa9N0
Why Does cos θ Decrease? | Trigonometry | JEE Maths | Class 11|iKseADKIOZk|https://www.youtube.com/watch?v=iKseADKIOZk
Why Does sin θ Increase? | Trigonometry | JEE Maths | Class 11|RKj88WS3CCo|https://www.youtube.com/watch?v=RKj88WS3CCo
Why Can't Logarithms Be Negative? JEE Basics|Zt7TnpEgfU0|https://www.youtube.com/watch?v=Zt7TnpEgfU0
