JEE Main 2025 April PYQs |Alcohol to Biomolecules | Chaitanya Sir - DexterChem|Xt6lqO7Fc7M|https://www.youtube.com/watch?v=Xt6lqO7Fc7M
JEE Main 2025 April PYQs | Hydrocarbons+ Alkyl Halides | Chaitanya Sir - DexterChem|gSlWEK5sU4I|https://www.youtube.com/watch?v=gSlWEK5sU4I
JEE Main 2025 April PYQs | Thermodynamics | Chaitanya Sir - DexterChem|WHeaYOLcotI|https://www.youtube.com/watch?v=WHeaYOLcotI
JEE Main 2025 April PYQs | Chemical Bonding and Periodic Properties | Chaitanya Sir - DexterChem|Um4JZHnDovY|https://www.youtube.com/watch?v=Um4JZHnDovY
Coordination Compounds+ d and f-Block | JEE Main 2024  April PYQs | Chaitanya Sir - DexterChem|FokPFTTvIic|https://www.youtube.com/watch?v=FokPFTTvIic
33  LAWS Of ORGANIC CHEMISTRY - PART 3 | JEE&NEET2027 | Dexterchem|NfzsC3OIzO4|https://www.youtube.com/watch?v=NfzsC3OIzO4
33  LAWS | INORGANIC CHEMISTRY - PART 2 | JEE&NEET2027 | Dexterchem|xPuNN3m1jLo|https://www.youtube.com/watch?v=xPuNN3m1jLo
33  LAWS | PHYSICAL CHEMISTRY - PART 1 | JEE&NEET2027 |  Dexterchem|ihPEWOPYJzU|https://www.youtube.com/watch?v=ihPEWOPYJzU
JEE Main 2024 Jan PYQs | Periodic Properties| Chaitanya Sir - DexterChem|jy8QDWBU5Nk|https://www.youtube.com/watch?v=jy8QDWBU5Nk
d and f- Block Elements | JEE 2022 | PYQS | DexterChem | Chaitanya Sir|9m86WPhYXiA|https://www.youtube.com/watch?v=9m86WPhYXiA
Biomolecules | JEE 2022 | PYQS | DexterChem | Chaitanya Sir|PqGoZ5cjjbw|https://www.youtube.com/watch?v=PqGoZ5cjjbw
Electrochemistry | JEE Main 2021 PYQs | Chaitanya Sir - DexterChem|P4vuxW6JIKw|https://www.youtube.com/watch?v=P4vuxW6JIKw
Thermodynamics | JEE Main 2021 PYQs | Chaitanya Sir - DexterChem|TWdXvRyVwnc|https://www.youtube.com/watch?v=TWdXvRyVwnc
Ionic Equilibrium | JEE Main 2021 PYQs | Chaitanya Sir - DexterChem|EsfdDUpTkbI|https://www.youtube.com/watch?v=EsfdDUpTkbI
Chemical Equilibrium | JEE Main 2021 PYQs | Chaitanya Sir - DexterChem|yqoO319PbZk|https://www.youtube.com/watch?v=yqoO319PbZk
⚠️ Chemistry Misconceptions That Ruin Your Jee/NEET Score | Dexterchem|M4CUDf1XH4Q|https://www.youtube.com/watch?v=M4CUDf1XH4Q
🚨 RE-NEET Chemistry Exposed🔥: Tough or Overhyped? Reality Check!!| Podcast |Dexterchem|5W9uXMF1-Uk|https://www.youtube.com/watch?v=5W9uXMF1-Uk
🚨JEE 2027: 180 Days Chemistry Roadmap🔥 | From Zero to 99%ile |Dexterchem|PaoTBTt2fYs|https://www.youtube.com/watch?v=PaoTBTt2fYs
🚀 1- FREE Organic Chemistry Class | ZERO ➜ ADVANCED 🔥 | Synerjee 2027 | DexterChem|wILdvt-kTd4|https://www.youtube.com/watch?v=wILdvt-kTd4
🚀 1-FREE Demo Class | Chemistry by Chaitanya Sir | JEE Dropper Batch 2027 |Dextrochem|yuPE7BPp16A|https://www.youtube.com/watch?v=yuPE7BPp16A
🚨 Master Organic Chemistry from ZERO to HERO 🔥 | SynerJEE Batch 2027 | JEE & NEET | DexterChem|qZDHZDkEeEE|https://www.youtube.com/watch?v=qZDHZDkEeEE
JEE 2027 & 2028 Aspirants, I Need Your Honest Opinion! 🙏| DexterChem|OROggOCTQWE|https://www.youtube.com/watch?v=OROggOCTQWE
IAT 2022 CHEMISTRY PAPER 🔥 Complete Solutions + Analysis| DexterChem|afCABXG3w6Y|https://www.youtube.com/watch?v=afCABXG3w6Y
IAT 2023 CHEMISTRY PAPER 🔥 Complete Solutions + Analysis| DexterChem|reEKSXw4lco|https://www.youtube.com/watch?v=reEKSXw4lco
IAT 2024 CHEMISTRY PAPER 🔥 Complete Solutions + Analysis| DexterChem|DFYpdSvHk_A|https://www.youtube.com/watch?v=DFYpdSvHk_A
Re-NEET Confirmed| Chaitanya Sir | DexterChem|fu8vWHRCPI0|https://www.youtube.com/watch?v=fu8vWHRCPI0
JEE Advanced 2026 🚨 Last 10 Days Strategy | Don’t Make These Mistakes!| DexterChem|d61HqHz_GyI|https://www.youtube.com/watch?v=d61HqHz_GyI
JEE Advanced 2026 Organic Roadmap 💥 Question Series | Q7 and Q8 |DexterChem |Chaitanya Sir|3asESljkrpg|https://www.youtube.com/watch?v=3asESljkrpg
JEE Advanced 2026 Organic Roadmap 💥 Question Series | Q5 and Q6 |DexterChem |Chaitanya Sir|Crlhha7XpcI|https://www.youtube.com/watch?v=Crlhha7XpcI
IAT 2025 CHEMISTRY PAPER 🔥 Complete Solutions + Analysis| DexterChem|1w9OrtRXTU0|https://www.youtube.com/watch?v=1w9OrtRXTU0
JEE Advanced 2026 Organic Roadmap 💥 Question Series | Q3 and Q4 |DexterChem |Chaitanya Sir|6THOTBQFgic|https://www.youtube.com/watch?v=6THOTBQFgic
JEE Advanced 2026 Organic Roadmap 💥 Question Series | Q2|DexterChem|Chaitanya Sir|KNjG-FvzG04|https://www.youtube.com/watch?v=KNjG-FvzG04
JEE Advanced 2026 Organic Roadmap 💥 Question Series | Q1|DexterChem|Chaitanya Sir|-XLoYGKOtgo|https://www.youtube.com/watch?v=-XLoYGKOtgo
Complete Roadmap 💥From Average Student to IITian  | DexterChem|Cjy454KmISY|https://www.youtube.com/watch?v=Cjy454KmISY
JEE Advanced 2026 PYQ Series 🚀 | Rank Boost Begins!|DexterChem|1VhGUEicSNE|https://www.youtube.com/watch?v=1VhGUEicSNE
FINAL LAP for JEE Advanced 2026 🚀 Top 1000 Handpicked Questions Course by DexterChem|H7nSLgXTAZ0|https://www.youtube.com/watch?v=H7nSLgXTAZ0
PYQs 51 questions must do  |JEE MAIN January 2026 | DexterChem|QhfbI6BTjqQ|https://www.youtube.com/watch?v=QhfbI6BTjqQ
PYQs Coordination Compounds & Block Chemistry |JEE MAIN January 2026 | DexterChem|QhQEmISYWKQ|https://www.youtube.com/watch?v=QhQEmISYWKQ
PYQs Amines and Biomolecules |JEE MAIN January 2026 | DexterChem|tSFhk1bwKiM|https://www.youtube.com/watch?v=tSFhk1bwKiM
PYQs Alcohol Ether phenols and Aldehydes ketones |JEE MAIN January 2026 | DexterChem|wKiaZ1bwEKQ|https://www.youtube.com/watch?v=wKiaZ1bwEKQ
IT’S NOW OR NEVER 🚨 JEE Main April 2026 Date-Wise Planner (99%ile Strategy)|AWWiZ0GFM3k|https://www.youtube.com/watch?v=AWWiZ0GFM3k
PYQs Hydrocarbons and Halogen Derivatives  |JEE MAIN January 2026 | DexterChem|vGV-oaWA8Ew|https://www.youtube.com/watch?v=vGV-oaWA8Ew
PYQs Electrochemistry |JEE MAIN January 2026 | DexterChem|-d1uYYdqxCE|https://www.youtube.com/watch?v=-d1uYYdqxCE
PYQs Thermodynamics & Equilibrium |JEE MAIN January 2026 | DexterChem|JH9cHIQx3QM|https://www.youtube.com/watch?v=JH9cHIQx3QM
FREE JEE-Chemistry  Mock Test Series | Improve Rank in 15 Days| Dexterhem|np8yuI8V8l8|https://www.youtube.com/watch?v=np8yuI8V8l8
Coordination Compounds | Solve with Me Series | Chaitanya Sir - DexterChem|wi4q5Iie508|https://www.youtube.com/watch?v=wi4q5Iie508
Thermodynamics | Solve with Me Series | Chaitanya Sir - DexterChem|jzb_H6TIb9s|https://www.youtube.com/watch?v=jzb_H6TIb9s
Biomolecules | Solve with Me Series | Chaitanya Sir - DexterChem|J0iqL4Su7ew|https://www.youtube.com/watch?v=J0iqL4Su7ew
🚀Organic Chemistry Course | JEE Main & Advanced 2026 | Become Zero to Hero in 30 Days  - DexterChem|vnhi16E8pC0|https://www.youtube.com/watch?v=vnhi16E8pC0
JEE Main 2026 Was TOUGH 😨 | Ab Ab Kya Karein? (99% Students Confused!)| DexterChem|4qwpynYNjF8|https://www.youtube.com/watch?v=4qwpynYNjF8
🚀Score 80+ in JEE Advanced 2026 | Chemistry Crash Course for JEE Advanced by DexterChem|zKhF9SQ5nsM|https://www.youtube.com/watch?v=zKhF9SQ5nsM
🚨Score 99+%ile in JEE Main 2026 | JEE Chemistry Crash Course April Attempt - DexterChem|foT7OP2JI_A|https://www.youtube.com/watch?v=foT7OP2JI_A
Amines| Solve with Me Series | Chaitanya Sir - DexterChem|-UNm_C-VR18|https://www.youtube.com/watch?v=-UNm_C-VR18
How To Manage Boards & JEE Main 2026 | Chaitanya Sir - DexterChem |PiMceGcPHFU|https://www.youtube.com/watch?v=PiMceGcPHFU
JEE Main 2026 Chemistry Difficulty High? | What to do?|YWpjt9dhzbw|https://www.youtube.com/watch?v=YWpjt9dhzbw
Watch This Before Your JEE Main 2026 Exam - Advice by Chaitanya Sir|HMhpOV_KZO0|https://www.youtube.com/watch?v=HMhpOV_KZO0
28 Jan Shift: Advantage or Disaster? | Don’t Waste These Extra Days| DexterChem|LF9TY4hxYks|https://www.youtube.com/watch?v=LF9TY4hxYks
Aldehyde Ketones & Carboxylic Acids| Solve with Me Series | Chaitanya Sir - DexterChem|gm_YVK25X20|https://www.youtube.com/watch?v=gm_YVK25X20
Last 7 Days Masterplan for JEE Main 2026 – Every Shift, Every Mistake Avoided| DexterChem|-0Mr6DlRwFs|https://www.youtube.com/watch?v=-0Mr6DlRwFs
Electrochemistry | Solve with Me Series | Chaitanya Sir - DexterChem|fjnYs3vEzb8|https://www.youtube.com/watch?v=fjnYs3vEzb8
Best PYQ 💯 | Aldehyde and Ketones | Chaitanya Sir - DexterChem|nTGJlclYv5Q|https://www.youtube.com/watch?v=nTGJlclYv5Q
JEE MAIN 2026 | Last 10 Days - DONT DO THIS! Advice by Chaitanya Sir|KBX9eS_a3js|https://www.youtube.com/watch?v=KBX9eS_a3js
Best PYQ 💯 | Equilibrium | Chaitanya Sir - DexterChem|1k7Ff6VFThI|https://www.youtube.com/watch?v=1k7Ff6VFThI
Chemical Kinetics | Solve with Me Series | Chaitanya Sir - DexterChem|f8W_sJGmfzc|https://www.youtube.com/watch?v=f8W_sJGmfzc
Solution | Solve with Me Series | Chaitanya Sir - DexterChem|Rhcjl_MbxOY|https://www.youtube.com/watch?v=Rhcjl_MbxOY
Best PYQ 💯 | Alcohol Ether and Phenol | Chaitanya Sir - DexterChem|Rob9IxmEKPc|https://www.youtube.com/watch?v=Rob9IxmEKPc
🔥Best Paper Solving Strategy for JEE Main 2026|nDONXNeFPoE|https://www.youtube.com/watch?v=nDONXNeFPoE
Best PYQ 💯 | Alkyl and Aryl Halides | Chaitanya Sir - DexterChem|ywDhvoq_x1g|https://www.youtube.com/watch?v=ywDhvoq_x1g
Not able to score more than 30 in JEE? | Watch this video|5F6YtwJ4Qgw|https://www.youtube.com/watch?v=5F6YtwJ4Qgw
Equilibrium | Solve with Me Series | Chaitanya Sir - DexterChem|TsO18j1vl_8|https://www.youtube.com/watch?v=TsO18j1vl_8
Best PYQ 💯 | Hydrocarbons | Chaitanya Sir - DexterChem|7_w6kOW56xg|https://www.youtube.com/watch?v=7_w6kOW56xg
Alcohol Ether and Phenol | Solve with Me Series | Chaitanya Sir - DexterChem|OKTg_SxLMc8|https://www.youtube.com/watch?v=OKTg_SxLMc8
Score 70+ in 30 Days | JEE Main 2026 Strategy | Chaitanya Sir - DexterChem|uIN91tALtZ8|https://www.youtube.com/watch?v=uIN91tALtZ8
🚀Never Forget Concepts Ever! | 🤯 Best Method of Revision for JEE 2026|N3WYAeo3-Uk|https://www.youtube.com/watch?v=N3WYAeo3-Uk
Alkyl and Aryl Halides | Solve with Me Series | Chaitanya Sir - DexterChem|SPHqnfdB2DY|https://www.youtube.com/watch?v=SPHqnfdB2DY
Best PYQ 💯 | GOC POC and Isomerism | Chaitanya Sir - DexterChem|uSQiNzRhcqY|https://www.youtube.com/watch?v=uSQiNzRhcqY
Want to MASTER Chemical and Ionic Equilibrium? Watch This JEE Main 2025 April PYQs Now|NwJzCiPfm2w|https://www.youtube.com/watch?v=NwJzCiPfm2w
Hydrocarbons | Solve with Me Series | Chaitanya Sir - DexterChem|Efeu0n4BbkI|https://www.youtube.com/watch?v=Efeu0n4BbkI
Best PYQ 💯 | Chemical Bonding | Chaitanya Sir - DexterChem|E_2gywJlx5w|https://www.youtube.com/watch?v=E_2gywJlx5w
GOC and Isomerism | Solve with Me Series | Chaitanya Sir - DexterChem|ZSud_7WaXMI|https://www.youtube.com/watch?v=ZSud_7WaXMI
Best PYQ 💯 | Periodic Properties | Chaitanya Sir - DexterChem|U5lWoxMUqng|https://www.youtube.com/watch?v=U5lWoxMUqng
Chemical Bonding | Solve with Me Series | Chaitanya Sir - DexterChem|CkN9N2GslJk|https://www.youtube.com/watch?v=CkN9N2GslJk
Best PYQ 💯 | Structure of Atom | Chaitanya Sir - DexterChem|B39nw80eqHg|https://www.youtube.com/watch?v=B39nw80eqHg
Periodic Properties | Solve with Me Series | Chaitanya Sir - DexterChem|jXdx0XFv7Vs|https://www.youtube.com/watch?v=jXdx0XFv7Vs
Structure of Atom | Solve with Me Series | Chaitanya Sir - DexterChem|w73ssMI0Lws|https://www.youtube.com/watch?v=w73ssMI0Lws
Best PYQ 💯 | Mole Concept + Redox Reaction | Chaitanya Sir - DexterChem|hx2jjGL6V-k|https://www.youtube.com/watch?v=hx2jjGL6V-k
Mole Concept + Redox Reaction | Solve with Me Series | Chaitanya Sir - DexterChem|ijaSriGZ2Cw|https://www.youtube.com/watch?v=ijaSriGZ2Cw
NSEC-2024 | Paper Solution and Discussion | Chaitanya Sir - DexterChem|0FZ8nw-Q2eY|https://www.youtube.com/watch?v=0FZ8nw-Q2eY
JEE Main 2025 April PYQs | Mole Concept and Redox Reaction | Chaitanya Sir - DexterChem|h3MHxzdv-k0|https://www.youtube.com/watch?v=h3MHxzdv-k0
Aromatic Hydrocarbons in One Shot | JEE Main | JEE Advanced - 2026|i3JxrgpeMKg|https://www.youtube.com/watch?v=i3JxrgpeMKg
JEE Main 2025 April PYQs | GOC POC and Isomerism | Chaitanya Sir - DexterChem|P6d6-SKOjnY|https://www.youtube.com/watch?v=P6d6-SKOjnY
JEE Main 2025 April PYQs | Structure of Atom | Chaitanya Sir - DexterChem|L6ZM_Kx_ZKI|https://www.youtube.com/watch?v=L6ZM_Kx_ZKI
Haloalkanes and Haloarenes in One Shot | JEE Main | JEE Advanced - 2026|FOES-pFnFKI|https://www.youtube.com/watch?v=FOES-pFnFKI
Now or Never! | 3 Months to JEE | What to do?|yyskK3Fp-yc|https://www.youtube.com/watch?v=yyskK3Fp-yc
JEE Main 2024 Jan + April PYQs | Thermodynamics | Chaitanya Sir - DexterChem|GzgK6DrycPc|https://www.youtube.com/watch?v=GzgK6DrycPc
JEE Main 2024 Jan PYQs | Equilibrium | Chaitanya Sir - DexterChem|4VWODYMr5Es|https://www.youtube.com/watch?v=4VWODYMr5Es
Hydrocarbons in One Shot | JEE Main | JEE Advanced - 2026|XmmZwi_nqO4|https://www.youtube.com/watch?v=XmmZwi_nqO4
Conformers in One Shot | JEE Main | JEE Advanced - 2026|SCtCpx9Uuao|https://www.youtube.com/watch?v=SCtCpx9Uuao
JEE Main 2024 April PYQs | Periodic Properties | Chaitanya Sir - DexterChem|K1eLd5JtKGE|https://www.youtube.com/watch?v=K1eLd5JtKGE
JEE Main 2024 April PYQs | Electrochemistry | Chaitanya Sir - DexterChem|VmCD2sTjyjE|https://www.youtube.com/watch?v=VmCD2sTjyjE
JEE Main 2024 April PYQs | Structure of Atom | Chaitanya Sir - DexterChem|9UOA5__VV_w|https://www.youtube.com/watch?v=9UOA5__VV_w
Are You Struggling with Isomerism in JEE Chemistry?|NqIIz6uB2W8|https://www.youtube.com/watch?v=NqIIz6uB2W8
IUPAC Nomenclature in One Shot | JEE Main | JEE Advanced - 2026|EKMu6LNzagQ|https://www.youtube.com/watch?v=EKMu6LNzagQ
JEE 2026 Chemistry Roadmap | Crack JEE IN 4 Months! | Study Plan | Time Table | Syllabus Tracker🔥|rXwV7IVo85k|https://www.youtube.com/watch?v=rXwV7IVo85k
JEE Main 2024 April PYQs | Mole Concept and Redox Reactions | Chaitanya Sir - DexterChem|Iwk3GlvCtU0|https://www.youtube.com/watch?v=Iwk3GlvCtU0
JEE Main 2024 April PYQs | Chemical Bonding | Chaitanya Sir - DexterChem|bYcZW3JjG_0|https://www.youtube.com/watch?v=bYcZW3JjG_0
JEE Main 2024 April PYQs | Chemical and Ionic Equilibrium | Chaitanya Sir - DexterChem|10S8nC0O_0M|https://www.youtube.com/watch?v=10S8nC0O_0M
JEE Main 2024 April PYQs | Solutions | Chaitanya Sir - DexterChem|JzX2kCZSa3E|https://www.youtube.com/watch?v=JzX2kCZSa3E
JEE Main 2024 April PYQs | Chemical Kinetics | Chaitanya Sir - DexterChem|6ivIsf_ULGo|https://www.youtube.com/watch?v=6ivIsf_ULGo
JEE Main 2024 April PYQs | Amines | Chaitanya Sir - DexterChem|tMbv-9RVG6A|https://www.youtube.com/watch?v=tMbv-9RVG6A
JEE Main 2024 April PYQs | Biomolecules | Chaitanya Sir - DexterChem|0iv8160v5HE|https://www.youtube.com/watch?v=0iv8160v5HE
JEE Main 2024 April PYQs | Aldehydes Ketones and Carboxylic acid | Chaitanya Sir - DexterChem|w0dU4cCPnvE|https://www.youtube.com/watch?v=w0dU4cCPnvE
JEE Main 2025 Jan PYQs | Block Chemistry (SPDF)  | Chaitanya Sir - DexterChem|TX8d2hZdKUs|https://www.youtube.com/watch?v=TX8d2hZdKUs
JEE Advanced IIT Kanpur Sample Paper Detailed Solution | Chaitanya Sir - DexterChem|pbG0xWhlRvg|https://www.youtube.com/watch?v=pbG0xWhlRvg
L-30  Grignard Reagent-2  - Organic Reaction Mechanism | Chaitanya Sir - DexterChem|Vpl2r6IdfXg|https://www.youtube.com/watch?v=Vpl2r6IdfXg
L-29  Grignard Reagent-1  - Organic Reaction Mechanism | Chaitanya Sir - DexterChem|yhAcoI5ERrw|https://www.youtube.com/watch?v=yhAcoI5ERrw
🚨Is Drop Year Worth It for JEE 2026? - Advice by Chaitanya Sir - DexterChem|e3EHu7LnLkY|https://www.youtube.com/watch?v=e3EHu7LnLkY
L-28  Application of Elimination Rxn - Organic Reaction Mechanism | Chaitanya Sir - DexterChem|qS8R4bbgPsA|https://www.youtube.com/watch?v=qS8R4bbgPsA
L-27  Elimination Reactions - Organic Reaction Mechanism | Chaitanya Sir - DexterChem|PP--TIzanE4|https://www.youtube.com/watch?v=PP--TIzanE4
🚀Score 80+ in JEE Advanced 2025 | 31 Days Checklist + Resources | Chaitanya Sir - DexterChem|BaohdP4Kc54|https://www.youtube.com/watch?v=BaohdP4Kc54
JEE Main 2025 Jan PYQs | Mole Concept & Redox Reaction  | Chaitanya Sir - DexterChem|3EStXoumDDo|https://www.youtube.com/watch?v=3EStXoumDDo
JEE Main 2025 Jan PYQs | Structure of Atom | Chaitanya Sir - DexterChem|E5tPqr2k9iU|https://www.youtube.com/watch?v=E5tPqr2k9iU
JEE Main 2025 Jan PYQs | Chemical Kinetics | Chaitanya Sir - DexterChem|Y9yAu0dBtQU|https://www.youtube.com/watch?v=Y9yAu0dBtQU
JEE Main 2025 Jan PYQs | Solutions | Chaitanya Sir - DexterChem|MNrAISlhiV0|https://www.youtube.com/watch?v=MNrAISlhiV0
JEE Main 2025 Jan PYQs | Amines | Chaitanya Sir - DexterChem|y4U7OFqZKOA|https://www.youtube.com/watch?v=y4U7OFqZKOA
JEE Main 2025 Jan PYQs |Alcohol Ether Aldehyde Ketone & Carboxylic Acid| Chaitanya Sir - DexterChem|A6zfTWw-jvk|https://www.youtube.com/watch?v=A6zfTWw-jvk
JEE 2025 | 🚨Do THIS in last 7 Days - Advice by Chaitanya Sir | DexterChem|jH3XMX8YbWQ|https://www.youtube.com/watch?v=jH3XMX8YbWQ
JEE Main 2025 Jan PYQs | Equilibrium | Chaitanya Sir - DexterChem|b61I0er32cA|https://www.youtube.com/watch?v=b61I0er32cA
JEE Main 2025 Jan PYQs | Electrochemistry | Chaitanya Sir - DexterChem|VkA9n7W_bs8|https://www.youtube.com/watch?v=VkA9n7W_bs8
JEE Main 2025 Jan PYQs | Biomolecules | Chaitanya Sir - DexterChem|Dqzff56cVY4|https://www.youtube.com/watch?v=Dqzff56cVY4
JEE Main 2025 Jan PYQs | Alkyl and Aryl Halides | Chaitanya Sir - DexterChem|Ay9RpFmfDDA|https://www.youtube.com/watch?v=Ay9RpFmfDDA
JEE Main 2025 Jan PYQs | Hydrocarbons | Chaitanya Sir - DexterChem|TvtSNlA5B2s|https://www.youtube.com/watch?v=TvtSNlA5B2s
JEE Main 2025 Jan PYQs | Periodic Properties & Chemical Bonding | Chaitanya Sir - DexterChem|wo5TO4s5v1Y|https://www.youtube.com/watch?v=wo5TO4s5v1Y
JEE Main 2025 Jan PYQs | GOC POC and Isomerism | Chaitanya Sir - DexterChem|15eIMhGF9v4|https://www.youtube.com/watch?v=15eIMhGF9v4
JEE Main 2025 Jan PYQs | Thermodynamics | Chaitanya Sir - DexterChem|643dk9fjU7o|https://www.youtube.com/watch?v=643dk9fjU7o
JEE Main 2024 April PYQs | Alcohol, Ether & Phenol | Chaitanya Sir - DexterChem|l1lGtGYd-fY|https://www.youtube.com/watch?v=l1lGtGYd-fY
JEE Main 2024 April PYQs | Haloalkanes and Haloarenes | Chaitanya Sir - DexterChem|lfbAgYrAs8s|https://www.youtube.com/watch?v=lfbAgYrAs8s
JEE Main 2025 Jan PYQs | Coordination Compounds | Chaitanya Sir - DexterChem|IEAcQkP49Gs|https://www.youtube.com/watch?v=IEAcQkP49Gs
L-26  Sn Ar And Benzyne - Organic Reaction Mechanism | Chaitanya Sir - DexterChem|8GjPe78_DXU|https://www.youtube.com/watch?v=8GjPe78_DXU
🚀Score 99%ile in JEE 2026 | Start Early | Mentorship Session by Chaitanya Sir for 2026 Aspirants|ck_GipIdtLA|https://www.youtube.com/watch?v=ck_GipIdtLA
L-25  Sn1 - Organic Reaction Mechanism | Chaitanya Sir - DexterChem|mfYLmJzUt7s|https://www.youtube.com/watch?v=mfYLmJzUt7s
Liquid Solutions for JEE Main 2025 | Easy +4 Marks | Chaitanya Sir - DexterChem|udM0_dfPWQI|https://www.youtube.com/watch?v=udM0_dfPWQI
🚨Score 99+%ile in JEE Main 2025 | JEE Chemistry Crash Course April Attempt - DexterChem|MDXjiUrw5kY|https://www.youtube.com/watch?v=MDXjiUrw5kY
🚀Roadmap to Second Attempt | Best Strategy for 12th & Droppers - DexterChem|Duuh21hjbsc|https://www.youtube.com/watch?v=Duuh21hjbsc
Surprise for 28th & 29 Jan! | JEE Main 2025 - DexterChem|ErQVRrNZkNI|https://www.youtube.com/watch?v=ErQVRrNZkNI
JEE 2025 - New Trend!? 🚨| Message for 28th, 29th  Jan Shift - DexterChem|t_R0aT6Lg9g|https://www.youtube.com/watch?v=t_R0aT6Lg9g
Chemical Kinetics for JEE Main 2025 | Easy +4 Marks | Chaitanya Sir - DexterChem|tt_5d9LalO8|https://www.youtube.com/watch?v=tt_5d9LalO8
Test - 6 Solutions [Free Full Syllabus] JEE Main Chemistry Mock Test - DexterChem|JEZMBZww2g0|https://www.youtube.com/watch?v=JEZMBZww2g0
Electrochemistry for JEE Main 2025 | Easy +4 Marks | Chaitanya Sir - DexterChem|dP23WZ9YJbA|https://www.youtube.com/watch?v=dP23WZ9YJbA
🤫 Always Keep These Points in Mind | Mock Test Analysis While Solving - DexterChem|3NEG4LidmF4|https://www.youtube.com/watch?v=3NEG4LidmF4
Coordination Compounds for JEE Main 2025 | Easy +4 Marks | Chaitanya Sir - DexterChem|Qzb04pLog4M|https://www.youtube.com/watch?v=Qzb04pLog4M
🫡Don’t Overcomplicate JEE 2025 - Advice by Chaitanya Sir | DexterChem|_gzz42u6XiA|https://www.youtube.com/watch?v=_gzz42u6XiA
15 Days Left for JEE 2025 | Do these to get ahead of Competition - DexterChem|JbbXFQWimeQ|https://www.youtube.com/watch?v=JbbXFQWimeQ
🚀Save your JEE 2025 | Score 60+ in JEE Chemistry - DexterChem|aS4lR5BJ7-Q|https://www.youtube.com/watch?v=aS4lR5BJ7-Q
Test - 5 Solutions [Free Full Syllabus] JEE Main Chemistry Mock Test - DexterChem|3jrfeca-6XU|https://www.youtube.com/watch?v=3jrfeca-6XU
Test - 5 [Free Full Syllabus] JEE Main Chemistry Mock Test Analysis - DexterChem|y0EKZ9uMTps|https://www.youtube.com/watch?v=y0EKZ9uMTps
JEE Main 2025 - Top 200 PYQs of 2023 JEE Main Chemistry | Chaitanya Sir - DexterChem|74E-b_ZlGLI|https://www.youtube.com/watch?v=74E-b_ZlGLI
🤯Get Ahead of Competition! | Analyse your Mock Tests - DexterChem JEE 2025|XhhT4vgtsAM|https://www.youtube.com/watch?v=XhhT4vgtsAM
Test -4 Solution [Free Full Syllabus] JEE Main Chemistry Mock Test - DexterChem|pG5BjGlK3aU|https://www.youtube.com/watch?v=pG5BjGlK3aU
Ionic Equilibrium for JEE Main 2025 | Easy +4 Marks | Chaitanya Sir - DexterChem|B0Eql9N0E6E|https://www.youtube.com/watch?v=B0Eql9N0E6E
Test - 4 [Free Full Syllabus] JEE Main Chemistry Mock Test Analysis - DexterChem|ffvX5gIMa2c|https://www.youtube.com/watch?v=ffvX5gIMa2c
JEE Main 2024 April PYQs | Hydrocarbons | Chaitanya Sir - DexterChem|pLbGdXBoLeo|https://www.youtube.com/watch?v=pLbGdXBoLeo
Test -3 Solution [Free Full Syllabus] JEE Main Chemistry Mock Test - DexterChem|2Nha4fvmsbs|https://www.youtube.com/watch?v=2Nha4fvmsbs
JEE Main 2025 - Top 300 PYQs of 2021 JEE Main Chemistry | Chaitanya Sir - DexterChem|5o5GC5ryWlU|https://www.youtube.com/watch?v=5o5GC5ryWlU
Test - 3 [Free Full Syllabus] JEE Main Chemistry Mock Test Analysis - DexterChem|N2g-RHkPjPQ|https://www.youtube.com/watch?v=N2g-RHkPjPQ
JEE Main 2024 April PYQs | GOC Isomerism & POC | Chaitanya Sir - DexterChem|O51KXj4CUX8|https://www.youtube.com/watch?v=O51KXj4CUX8
Last 30 Days | What to do? | JEE Main 2025 - DexterChem|EYXg9fxOZJw|https://www.youtube.com/watch?v=EYXg9fxOZJw
Test - 2 Solution [Free Full Syllabus] JEE Main Chemistry Mock Test - DexterChem|8s4ii2E2Ie0|https://www.youtube.com/watch?v=8s4ii2E2Ie0
d & f BLOCK | JEE Main 2021 PYQs | Chaitanya Sir - DexterChem|lQoWgXf6BdI|https://www.youtube.com/watch?v=lQoWgXf6BdI
Test - 2 [Free Full Syllabus] JEE Main Chemistry Mock Test Analysis - DexterChem|BSkJFsJRBk0|https://www.youtube.com/watch?v=BSkJFsJRBk0
🚨Is NCERT must for JEE Chemistry? | JEE Main 2025 - DexterChem|7FnykwmEVbc|https://www.youtube.com/watch?v=7FnykwmEVbc
Chemical Kinetics | JEE Main 2021 PYQs | Chaitanya Sir - DexterChem|jSo0gjDYSm4|https://www.youtube.com/watch?v=jSo0gjDYSm4
L-24  Sn NGP - Organic Reaction Mechanism | Chaitanya Sir - DexterChem|MZXPyWC81OA|https://www.youtube.com/watch?v=MZXPyWC81OA
Redox Reactions | JEE Main 2021 PYQs | Chaitanya Sir - DexterChem|t4qkd4fBn-Y|https://www.youtube.com/watch?v=t4qkd4fBn-Y
Test - 1 Solution [Free Full Syllabus] JEE Main Chemistry Mock Test - DexterChem|YYb8TfOBj4w|https://www.youtube.com/watch?v=YYb8TfOBj4w
Test - 1 [Free Full Syllabus] JEE Main Chemistry Mock Test Analysis - DexterChem|4LN39dyEKEI|https://www.youtube.com/watch?v=4LN39dyEKEI
Chemical Kinetics | PYQs | JEE Main 2023 | Chaitanya Sir - DexterChem|cZa-EFBZfmM|https://www.youtube.com/watch?v=cZa-EFBZfmM
The Only JEE Chemistry Revision Plan You'll Need | 45 Day Plan | JEE Main 2025 - DexterChem|uD0etdQxT8c|https://www.youtube.com/watch?v=uD0etdQxT8c
L-23  Williamson Ether Synthesis -  Organic Reaction Mechanism | Chaitanya Sir - DexterChem|Y8FOLIP1sow|https://www.youtube.com/watch?v=Y8FOLIP1sow
L-22  Nucleophilic Substitution Sn2  - Organic Reaction Mechanism | Chaitanya Sir - DexterChem|HjTNBP6yv1E|https://www.youtube.com/watch?v=HjTNBP6yv1E
L-21 Nucleophilicity vs Basicity - Organic Reaction Mechanism | Chaitanya Sir - DexterChem|m91eQfqCqAU|https://www.youtube.com/watch?v=m91eQfqCqAU
L-20 Halogenation - Organic Reaction Mechanism | Chaitanya Sir - DexterChem|hru-_J0G_mw|https://www.youtube.com/watch?v=hru-_J0G_mw
L-19 Ozonolysis - Organic Reaction Mechanism  | Chaitanya Sir - DexterChem|M0nHIYt2iWY|https://www.youtube.com/watch?v=M0nHIYt2iWY
L-18 - Organic Reaction Mechanism | Chaitanya Sir - DexterChem|OFL5Z2LFD6s|https://www.youtube.com/watch?v=OFL5Z2LFD6s
L-17 Electrophilic Addition Reactions of Alkenes and Alkynes-3 - ORM | Chaitanya Sir - DexterChem|quDJ5eU8Mb8|https://www.youtube.com/watch?v=quDJ5eU8Mb8
L-16 Electrophilic Addition Reactions of Alkenes and Alkynes-2 ORM | Chaitanya Sir - DexterChem|J_TwPxCu7sc|https://www.youtube.com/watch?v=J_TwPxCu7sc
[Withdrawn] Attempts Increased in JEE Advanced | Who can benefit from this? - DexterChem|4QSt8Fken1s|https://www.youtube.com/watch?v=4QSt8Fken1s
Syllabus Updated? | Important Takeaways from JEE Main 2025 Syllabus - DexterChem|OeUHqAa4LI0|https://www.youtube.com/watch?v=OeUHqAa4LI0
🚨This will boost your JEE Main 2025 Preparation🚀 - DexterChem|GDcnpsXQknU|https://www.youtube.com/watch?v=GDcnpsXQknU
L-15 Electrophilic Addition Reactions of conjugated Dienes - ORM| Chaitanya Sir - DexterChem|j-g68b2--A4|https://www.youtube.com/watch?v=j-g68b2--A4
🤯JEE Main 2025 Dates OUT! | Dont Miss this IMPORTANT detail🚨 - DexterChem|9ZbPfcUHBtY|https://www.youtube.com/watch?v=9ZbPfcUHBtY
L-14  Electrophilic Addition Reactions of Alkenes and Alkynes -ORM| Chaitanya Sir - DexterChem|03glCFZfjh4|https://www.youtube.com/watch?v=03glCFZfjh4
L-13 Semi Pinacole Rearrangement - Organic Reaction Mechanism | Chaitanya Sir - DexterChem|poOzP3WQlCI|https://www.youtube.com/watch?v=poOzP3WQlCI
Solutions | JEE Main 2021 PYQs | Chaitanya Sir - DexterChem|pzYMgwpjA1U|https://www.youtube.com/watch?v=pzYMgwpjA1U
L-12  Pinacole Pinacolone Rearrangement - Organic Reaction Mechanism | Chaitanya Sir - DexterChem|1Rm12ytugdc|https://www.youtube.com/watch?v=1Rm12ytugdc
Coordination Compounds | JEE Main 2021 PYQs | Chaitanya Sir - DexterChem|alY4mAFDy7g|https://www.youtube.com/watch?v=alY4mAFDy7g
🚨Score 99+%ile in JEE Main 2025 Chemistry | Main Level Chemistry Crash Course - DexterChem|qTy4jcyeFZE|https://www.youtube.com/watch?v=qTy4jcyeFZE
L-11 Dehydration of Alcohols - Organic Reaction Mechanism | Chaitanya Sir - DexterChem|8DJwc_EEQNo|https://www.youtube.com/watch?v=8DJwc_EEQNo
Biomolecules | JEE Main 2021 PYQs | Chaitanya Sir - DexterChem|JeR7duwG9Zs|https://www.youtube.com/watch?v=JeR7duwG9Zs
L-10 Rearrangement of Carbocations - Organic Reaction Mechanism | Chaitanya Sir - DexterChem|wOpt9amEotg|https://www.youtube.com/watch?v=wOpt9amEotg
L-9 Formation of Carbocations - Organic Reaction Mechanism | Chaitanya Sir - DexterChem|WP6nl20urNs|https://www.youtube.com/watch?v=WP6nl20urNs
Make the Best Revision Notes🔥 | Revise Whole Chapter in Minutes | JEE 2025 - DexterChem|0oS9cHxBGNw|https://www.youtube.com/watch?v=0oS9cHxBGNw
L-8 Carbocations Electrophile or Nucleophile-Organic Reaction Mechanism | Chaitanya Sir -DexterChem|KxCKs1DV3zg|https://www.youtube.com/watch?v=KxCKs1DV3zg
Partial Dropper to TOPPER | 90 Days Strategy with Timetable | JEE 2025 - DexterChem|aFd-UOxwjXw|https://www.youtube.com/watch?v=aFd-UOxwjXw
Amines | JEE Main 2021 PYQs | Chaitanya Sir - DexterChem|OHHqntU5atw|https://www.youtube.com/watch?v=OHHqntU5atw
L-7 Reactions Involving Free Radicals-4  - Organic Reaction Mechanism | Chaitanya Sir - DexterChem|oYC97q3HfQ8|https://www.youtube.com/watch?v=oYC97q3HfQ8
L-6 Reactions Involving Free Radicals-3 - Organic Reaction Mechanism | Chaitanya Sir - DexterChem|CneAwS-HCCI|https://www.youtube.com/watch?v=CneAwS-HCCI
L-5 Reactions Involving Free Radicals-2 - Organic Reaction Mechanism | Chaitanya Sir - DexterChem|h6VwYarQxyc|https://www.youtube.com/watch?v=h6VwYarQxyc
90 Days Strategy that TOPPERS follow! | JEE 2025  - DexterChem|bysQrhgACj0|https://www.youtube.com/watch?v=bysQrhgACj0
L-4 Reactions Involving Free Radicals-1  - Organic Reaction Mechanism | Chaitanya Sir - DexterChem|n7Ado_Qmlww|https://www.youtube.com/watch?v=n7Ado_Qmlww
Carboxylic Acid and Their Derivatives | JEE Main 2021 PYQs | Chaitanya Sir - DexterChem|A6rz-smnoxY|https://www.youtube.com/watch?v=A6rz-smnoxY
L-3 Types of Reactions of free radicals - Organic Reaction Mechanism | Chaitanya Sir - DexterChem|-KyTneakDN4|https://www.youtube.com/watch?v=-KyTneakDN4
Aldehydes and Ketones | JEE Main 2021 PYQs | Chaitanya Sir - DexterChem|_IEM4_NczTQ|https://www.youtube.com/watch?v=_IEM4_NczTQ
L-2 Formation of free Radicals - Organic Reaction Mechanism | Chaitanya Sir - DexterChem|2kMatj0oBP0|https://www.youtube.com/watch?v=2kMatj0oBP0
Alcohol Ether and Phenols | JEE Main 2021 PYQs | Chaitanya Sir - DexterChem|bD7N5Xj-Wu0|https://www.youtube.com/watch?v=bD7N5Xj-Wu0
L-1 Introduction to Reaction Intermediates - Organic Reaction Mechanism | Chaitanya Sir - DexterChem|Que2Sgo2ouU|https://www.youtube.com/watch?v=Que2Sgo2ouU
#007 JEE Main 2024 - Important Question|XUwWt1-YwOs|https://www.youtube.com/watch?v=XUwWt1-YwOs
🤯New JEE Series | Organic Reaction Mechanism | Kota Style - DexterChem|lS-4TIS0fFg|https://www.youtube.com/watch?v=lS-4TIS0fFg
Haloalkanes and Haloarenes | JEE Main 2021 PYQs | Chaitanya Sir - DexterChem|ZVVx3_t-aE8|https://www.youtube.com/watch?v=ZVVx3_t-aE8
Periodic Properties | JEE Main 2021 PYQs | Chaitanya Sir - DexterChem|kNlvjvgCVQE|https://www.youtube.com/watch?v=kNlvjvgCVQE
Chemical Bonding | JEE Main 2021 PYQs | Chaitanya Sir - DexterChem|V6jg96FnU-Q|https://www.youtube.com/watch?v=V6jg96FnU-Q
Atomic Structure | JEE Main 2021 PYQs | Chaitanya Sir - DexterChem|7_nnIHhPTC8|https://www.youtube.com/watch?v=7_nnIHhPTC8
Best Timetable for Droppers & 12th | JEE 2025 | Chemistry | Chaitanya Sir - DexterChem|VlzLg3hUbjQ|https://www.youtube.com/watch?v=VlzLg3hUbjQ
How To START? | JEE 2025 Roadmap | Chemistry | Chaitanya Sir - DexterChem|8lv6gE3tfuY|https://www.youtube.com/watch?v=8lv6gE3tfuY
JEE Advanced 2024 Paper 2 Chemistry Solutions | Chaitanya Sir | DexterChem|763USbuA6iw|https://www.youtube.com/watch?v=763USbuA6iw
JEE Advanced 2024 Paper 1 Chemistry Solutions | Chaitanya Sir | DexterChem|qLf4prmPfmA|https://www.youtube.com/watch?v=qLf4prmPfmA
Dont Do this in the Final Days to JEE Advanced 2024 - DexterChem|qXp8-eiLdYg|https://www.youtube.com/watch?v=qXp8-eiLdYg
General Inorganic Chemistry (GIOC) | Nishchay JEE 2024 | DexterChem|fqMaKd4LAuc|https://www.youtube.com/watch?v=fqMaKd4LAuc
🤯15 Days to go! | JEE Advanced 2024 | Key Points to Keep in Mind by Chaitanya Sir - DexterChem|p6vviWOzMBA|https://www.youtube.com/watch?v=p6vviWOzMBA
Metallurgy | One Shot | Nishchay 2024 | DexterChem|jRoiA_xP0vg|https://www.youtube.com/watch?v=jRoiA_xP0vg
Structure of Atom | JEE Advanced PYQs (2005-2023) | Chaitanya Sir | DexterChem|-HSZK87jkgY|https://www.youtube.com/watch?v=-HSZK87jkgY
Solid State | JEE Advanced PYQs (2010-2023) | Chaitanya Sir | DexterChem|QYjmfYWbI9Q|https://www.youtube.com/watch?v=QYjmfYWbI9Q
BITSAT or JEE Advanced? | What Next after JEE Main 2024 Result | Dexterchem|7AzCgQt_S8s|https://www.youtube.com/watch?v=7AzCgQt_S8s
Solid State | L-3 | Voids And Defects | Nishchay 2024 | DexterChem|dHinbMpiXhs|https://www.youtube.com/watch?v=dHinbMpiXhs
🚀30 Marks in 30 DAYS! | Most Asked Topics in JEE Advanced - DexterChem|2KHADTG1MOo|https://www.youtube.com/watch?v=2KHADTG1MOo
Solid State | L-2 | Close Packing | Nishchay 2024 | DexterChem|3HTT2qGtRt0|https://www.youtube.com/watch?v=3HTT2qGtRt0
Solid State | L-1 | Introduction | Nishchay 2024 | DexterChem|rAYZ1ASJ2iE|https://www.youtube.com/watch?v=rAYZ1ASJ2iE
🚀Score 80+ JEE Advanced 2024 Chemistry Roadmap with Checklist - DexterChem|SknFzr4kmjY|https://www.youtube.com/watch?v=SknFzr4kmjY
Complete INORGANIC CHEMISTRY Marathon in ONE VIDEO | JEE 2024 - DexterChem|_FckDRwdTHA|https://www.youtube.com/watch?v=_FckDRwdTHA
🥶Last 15 Days Detailed Revision Plan for JEE Chemistry - DexterChem|Yg-0IDjO9uo|https://www.youtube.com/watch?v=Yg-0IDjO9uo
JEE 2024 - Last 15 DAYS, What to DO?🤯 | Advice for Students by Chaitanya Sir - DexterChem|M4TBB_GKQ4U|https://www.youtube.com/watch?v=M4TBB_GKQ4U
Electrochemistry | JEE Main 2024 January PYQs | Chaitanya Sir - DexterChem|_9rftYDXliA|https://www.youtube.com/watch?v=_9rftYDXliA
Chemical Kinetics | JEE Main 2024 January PYQs | Chaitanya Sir - DexterChem|PolpbnOEGzU|https://www.youtube.com/watch?v=PolpbnOEGzU
JEE Main 2024 January PYQs | Organic Chemistry Part-2 | Chaitanya Sir - DexterChem|qJiGp79Ockk|https://www.youtube.com/watch?v=qJiGp79Ockk
Coordination Compounds + d & f-Block | JEE Main 2024 January PYQs | Chaitanya Sir - DexterChem|rBUoz59dhFM|https://www.youtube.com/watch?v=rBUoz59dhFM
Ionic Equilibrium | Complete Revision | JEE 2024 - DexterChem|lWJfOYC8MT8|https://www.youtube.com/watch?v=lWJfOYC8MT8
JEE Main 2024 January PYQs | Organic Chemistry Part-1 | Chaitanya Sir - DexterChem|hVOaJUO6t7w|https://www.youtube.com/watch?v=hVOaJUO6t7w
Solutions | JEE Main 2024 January PYQs | Chaitanya Sir - DexterChem|PkLXHmjd-TY|https://www.youtube.com/watch?v=PkLXHmjd-TY
Mole Concept & Redox Reactions | JEE Main 2024 January PYQs | Chaitanya Sir - DexterChem|P8LdNIx0FlM|https://www.youtube.com/watch?v=P8LdNIx0FlM
Biomolecules | JEE Main 2024 January Attempt PYQs | Chaitanya Sir - DexterChem|a9kUSaOInPY|https://www.youtube.com/watch?v=a9kUSaOInPY
Complete ORGANIC CHEMISTRY Reagent Marathon in ONE VIDEO | JEE 2024 - DexterChem|ZLsbVQ9zurM|https://www.youtube.com/watch?v=ZLsbVQ9zurM
GOC, POC & Isomerism | JEE Main 2024 January Attempt PYQs | Chaitanya Sir - DexterChem|z909Ir8ZbCo|https://www.youtube.com/watch?v=z909Ir8ZbCo
Most Relevant Test Series | Test Series 2.0 - DexterChem (Extra Benefits for first 200 students!)|cV8fNckTcV0|https://www.youtube.com/watch?v=cV8fNckTcV0
JEE Main January Session | Shocking Results | What Next? | Chaitanya Sir - DexterChem|BH-GRcGUjNU|https://www.youtube.com/watch?v=BH-GRcGUjNU
Structure of Atom | JEE Main January Attempt PYQs | Chaitanya Sir - DexterChem|bFljnX12jIY|https://www.youtube.com/watch?v=bFljnX12jIY
🤫TOPPERS will REVISE like this! | 45-Days Checklist for Second Attempt | JEE Main 2024 - DexterChem|VPVeomWQofM|https://www.youtube.com/watch?v=VPVeomWQofM
🤯NTA Blunder in Answer Key! | Bonus Questions | Challenge Date EXTENDED - DexterChem|NjCwokQcUu8|https://www.youtube.com/watch?v=NjCwokQcUu8
Carboxylic Acids & its Derivatives | PYQs | JEE Main 2023 | Chaitanya Sir - DexterChem|r7vnmi3-Fog|https://www.youtube.com/watch?v=r7vnmi3-Fog
🚨Score 80+ in JEE Advanced 2024 Chemistry | Advanced Level Chemistry Course - DexterChem|Ovj4Dx02_ic|https://www.youtube.com/watch?v=Ovj4Dx02_ic
JEE 2024 - 🔥Improve Marks in April Attempt | Roadmap | Chaitanya Sir - DexterChem|ehgpQBr4Jus|https://www.youtube.com/watch?v=ehgpQBr4Jus
JEE Main 2024 : 31th Jan Shift 1 | Chemistry Memory Based Solutions - DexterChem|H_Kblvk6zr0|https://www.youtube.com/watch?v=H_Kblvk6zr0
JEE Main 2024 : 31th Jan Shift 2 | Chemistry Memory Based Solutions - DexterChem|H-eejF7Oc30|https://www.youtube.com/watch?v=H-eejF7Oc30
JEE Main 2024 : 30th Jan Shift 1 | Chemistry Memory Based Solutions - DexterChem|6J2b-0iU9Ic|https://www.youtube.com/watch?v=6J2b-0iU9Ic
JEE Main 2024 : 29th Jan Shift 1 | Chemistry Memory Based Solutions - DexterChem|XkI0FmnkMsQ|https://www.youtube.com/watch?v=XkI0FmnkMsQ
JEE Main 2024 : 27th Jan Shift 2 | Chemistry Memory Based Solutions - DexterChem|iesiwZUoFeY|https://www.youtube.com/watch?v=iesiwZUoFeY
JEE Main 2024 : 27th Jan Shift 1 | Chemistry Memory Based Solutions - DexterChem|pCXzdzu_KKU|https://www.youtube.com/watch?v=pCXzdzu_KKU
Complete PHYSICAL CHEMISTRY Formulae Marathon in ONE VIDEO | JEE 2024 - DexterChem|uwisIdl57pA|https://www.youtube.com/watch?v=uwisIdl57pA
Carboxylic Acids and Amines | Complete Revision | JEE 2024 - DexterChem|2h29adw_K4o|https://www.youtube.com/watch?v=2h29adw_K4o
🥶7 Days left for JEE 2024 - What to do? - Insights by Chaitanya Sir | DexterChem|9YZPoxlAGJk|https://www.youtube.com/watch?v=9YZPoxlAGJk
Named Reactions | Complete Revision | JEE 2024 - DexterChem|1JunopRa9ys|https://www.youtube.com/watch?v=1JunopRa9ys
Chemical Equilibrium | Complete Revision | JEE 2024 - DexterChem|87W_TugtnDs|https://www.youtube.com/watch?v=87W_TugtnDs
Electrochemistry | Complete Revision | JEE 2024 - DexterChem|w0IyhC6d2zU|https://www.youtube.com/watch?v=w0IyhC6d2zU
Aldehydes and Ketones | PYQs | JEE Main 2023 | Chaitanya Sir - DexterChem|DXr54rBuUBA|https://www.youtube.com/watch?v=DXr54rBuUBA
Atomic Structure | Complete Revision | JEE 2024 - DexterChem|wx5SGAZhkRE|https://www.youtube.com/watch?v=wx5SGAZhkRE
Thermodynamics | Complete Revision | JEE 2024 - DexterChem|IEVBuX4krfQ|https://www.youtube.com/watch?v=IEVBuX4krfQ
Aldehydes & Ketones | Complete Revision | JEE 2024 - DexterChem|n-2xfjL8o_8|https://www.youtube.com/watch?v=n-2xfjL8o_8
Purification of Organic Compounds | Complete Revision | JEE 2024 - DexterChem|WT4xvEQVixo|https://www.youtube.com/watch?v=WT4xvEQVixo
Alcohol Ether and Phenols | PYQs | JEE Main 2023 | Chaitanya Sir - DexterChem|f1gxjv5a2YU|https://www.youtube.com/watch?v=f1gxjv5a2YU
Coordination Compounds | PYQs | JEE Main 2023 | Chaitanya Sir - DexterChem|nACw7b_jvFs|https://www.youtube.com/watch?v=nACw7b_jvFs
Alcohols, Ethers & Phenols | Complete Revision | JEE 2024 - DexterChem|XpCPq9uYghM|https://www.youtube.com/watch?v=XpCPq9uYghM
Coordination Compounds  | Complete Revision | JEE 2024 - DexterChem|3yT8-shA3AA|https://www.youtube.com/watch?v=3yT8-shA3AA
What to do in Last 15 Days to JEE Main 2024 - Advice by Chaitanya Sir - DexterChem|hakS-zSWfBs|https://www.youtube.com/watch?v=hakS-zSWfBs
Solutions | Complete Revision | JEE 2024 - DexterChem|LGJ6XDpBS5w|https://www.youtube.com/watch?v=LGJ6XDpBS5w
Haloalkanes and Haloarenes | Complete Revision | JEE 2024 - DexterChem|w2qpK6BMI8U|https://www.youtube.com/watch?v=w2qpK6BMI8U
Haloalkanes and Haloarenes | PYQs | JEE Main 2023 | Chaitanya Sir - DexterChem|WnsFlBkuNJg|https://www.youtube.com/watch?v=WnsFlBkuNJg
Redox Reactions | PYQs | JEE Main 2023 | Chaitanya Sir - DexterChem|nVaL288cPWs|https://www.youtube.com/watch?v=nVaL288cPWs
Mole concept | JEE Main 2021 | PYQs | DexterChem | Chaitanya Sir|qaZ9IPjt68I|https://www.youtube.com/watch?v=qaZ9IPjt68I
🤯Only This Will SAVE YOUR JEE!!! - Advice by Chaitanya Sir | DexterChem|GgM52_o0IIQ|https://www.youtube.com/watch?v=GgM52_o0IIQ
Redox Reaction + Titration | Complete Revision | JEE 2024 - DexterChem|S_yNPCV-wqE|https://www.youtube.com/watch?v=S_yNPCV-wqE
Mole concept | Complete Revision | JEE 2024 - DexterChem|AnWsQ_84wiE|https://www.youtube.com/watch?v=AnWsQ_84wiE
Chemical Bonding | PYQs | JEE Main 2023 | Chaitanya Sir - DexterChem|zJRhWaMnk8s|https://www.youtube.com/watch?v=zJRhWaMnk8s
Chemical Bonding | Complete Revision | JEE 2024 - DexterChem|S-MPL-wi8uE|https://www.youtube.com/watch?v=S-MPL-wi8uE
Hydrocarbons | JEE Main 2021 | PYQs | DexterChem | Chaitanya Sir|AueWDKF3zAo|https://www.youtube.com/watch?v=AueWDKF3zAo
Hydrocarbons | Complete Revision | JEE 2024 - DexterChem|oz89AvbaykE|https://www.youtube.com/watch?v=oz89AvbaykE
😶‍🌫️Stay out of this TRAP in JEE! | Insights by Chaitanya Sir | DexterChem|52x0vrN5F2M|https://www.youtube.com/watch?v=52x0vrN5F2M
GOC, POC & Isomerism | JEE Main 2021 | PYQs | DexterChem | Chaitanya Sir|JjCkPwu_9AM|https://www.youtube.com/watch?v=JjCkPwu_9AM
Isomerism | Complete Revision | JEE 2024 - DexterChem|dqnEtEnvl2E|https://www.youtube.com/watch?v=dqnEtEnvl2E
GOC (General Organic Chemistry) | Complete Revision | JEE 2024 - DexterChem|7ZtsgBNVw_s|https://www.youtube.com/watch?v=7ZtsgBNVw_s
P-Block | PYQs | JEE Main 2023 | Chaitanya Sir - DexterChem|1H8Nwwga2XE|https://www.youtube.com/watch?v=1H8Nwwga2XE
P-Block (Group 13-18) | Complete Revision | JEE 2024 - DexterChem|jZcpC9eearE|https://www.youtube.com/watch?v=jZcpC9eearE
🚀Only TOPPERS will revise this way! | Revision Series - DexterChem|GL0m3gRAjUA|https://www.youtube.com/watch?v=GL0m3gRAjUA
Practical Organic Chemistry | POC | One Shot | Nishchay 2024 | DexterChem|E5_l1GjciVY|https://www.youtube.com/watch?v=E5_l1GjciVY
L-6 Group 4-6 (Basic Radicals) - Salt Analysis | Nishchay 2026 | DexterChem|gTlEIJ-KvH4|https://www.youtube.com/watch?v=gTlEIJ-KvH4
L-5 Group-2 and 3 (Basic Radicals) - Salt Analysis | Nishchay 2026 | DexterChem|pRx7xNpITq4|https://www.youtube.com/watch?v=pRx7xNpITq4
L-4 Group-1 (Basic Radicals)  - Salt Analysis | Nishchay 2026 | DexterChem|Y7SzrebUb0s|https://www.youtube.com/watch?v=Y7SzrebUb0s
L-3 Group-2 (Acidic Radicals) - Salt Analysis | Nishchay 2026 | DexterChem|gr9T4rfc07M|https://www.youtube.com/watch?v=gr9T4rfc07M
L-2 Group-1 (Acidic Radicals) - Salt Analysis | Nishchay 2026 | DexterChem|itTLRiblztw|https://www.youtube.com/watch?v=itTLRiblztw
L-1  Group-1 (Acidic Radicals) - Salt Analysis | Nishchay 2026 | DexterChem|zSZvKsoo9A4|https://www.youtube.com/watch?v=zSZvKsoo9A4
L-2   n-factor  -  Redox Reactions | Adhyay 2026 | DexterChem|JzIq-KooBx4|https://www.youtube.com/watch?v=JzIq-KooBx4
L-1  Balancing of Reactions  - Redox Reactions | Adhyay -2026 | DexterChem|ozr6e2qZOY0|https://www.youtube.com/watch?v=ozr6e2qZOY0
L-5 Isomerism - Coordination Compounds | Nishchay 2026 | DexterChem|DcvFCHCan-s|https://www.youtube.com/watch?v=DcvFCHCan-s
What to do next? | JEE Adv 2024 Syllabus - DexterChem|zIpipXoYCng|https://www.youtube.com/watch?v=zIpipXoYCng
L-4 Stability of Complex - Coordination Compounds | Nishchay 2026 | DexterChem|8cTm3F3kpGk|https://www.youtube.com/watch?v=8cTm3F3kpGk
L-3  Crystal Field Theory - Coordination Compounds | Nishchay 2026 | DexterChem|Z6GNeJNFlG8|https://www.youtube.com/watch?v=Z6GNeJNFlG8
L-2  Valence Bond Theory - Coordination Compounds | Nishchay 2026 | DexterChem|AsC1vbAmwIw|https://www.youtube.com/watch?v=AsC1vbAmwIw
L-1 IUPAC Nomenclature - Coordination Compounds | Nishchay 2026 | DexterChem|ePz0cNMaxiw|https://www.youtube.com/watch?v=ePz0cNMaxiw
🥶ITS HERE!!! | JEE Revised Syllabus Test Series - DexterChem | Extra benefits for first 200 students|j8SHSzwUot0|https://www.youtube.com/watch?v=j8SHSzwUot0
Amines | One Shot | Nishchay 2026 | DexterChem|8OQR5COl0kY|https://www.youtube.com/watch?v=8OQR5COl0kY
Carboxylic Acid and It's Derivatives | One Shot | Nishchay 2026 | DexterChem|GvMmjOEobPg|https://www.youtube.com/watch?v=GvMmjOEobPg
🤯Crack JEE with these Chapters! | Score 70+ in Chemistry | JEE 2024 - DexterChem|sENZJQ7p4WY|https://www.youtube.com/watch?v=sENZJQ7p4WY
L-8 Named Reactions-4 - Aldehydes and Ketones | Nishchay 2026 | DexterChem|pufLuaV7O90|https://www.youtube.com/watch?v=pufLuaV7O90
L-7 Named Reactions-3 - Aldehydes and Ketones | Nishchay 2026 | DexterChem|P58Aypnhj00|https://www.youtube.com/watch?v=P58Aypnhj00
L-6 Named Reactions-2 - Aldehydes and Ketones | Nishchay 2026 | DexterChem|50YrYMd9edA|https://www.youtube.com/watch?v=50YrYMd9edA
HUGE ANNOUNCEMENT!🤯 | JEE Revised Syllabus Test Series - DexterChem|n8oS7P7aeTM|https://www.youtube.com/watch?v=n8oS7P7aeTM
L-5  Named Reactions-1 - Aldehydes and Ketones | Nishchay 2026 | DexterChem|ww5TXcpHXVs|https://www.youtube.com/watch?v=ww5TXcpHXVs
L-6 Solubility Product - Ionic Equilibrium | Adhyay 2026 | DexterChem|tojNZskIJYI|https://www.youtube.com/watch?v=tojNZskIJYI
9 Chapters Removed🥶 | JEE Chemistry Revised Syllabus | JEE 2024 | DexterChem|DAq_hiTfUAc|https://www.youtube.com/watch?v=DAq_hiTfUAc
Problem Solving  - Alcohol Ether and Phenol | Nishchay 2026 | DexterChem|qwEH3htZ25o|https://www.youtube.com/watch?v=qwEH3htZ25o
L-5 - Buffer solutions in 30 Mins - Ionic Equilibrium | Adhyay -2026 | DexterChem|SV2X6RUtIhY|https://www.youtube.com/watch?v=SV2X6RUtIhY
L-4 Reduction of Carbonyls - Aldehydes and Ketones | Nishchay 2026 | DexterChem|n8mG8PcHS60|https://www.youtube.com/watch?v=n8mG8PcHS60
L-3 Chemical Properties - Aldehydes and Ketones | Nishchay 2026 | DexterChem|nrIXqWYKkkg|https://www.youtube.com/watch?v=nrIXqWYKkkg
Hydrocarbons | JEE Main 2023 | PYQs | DexterChem | Chaitanya Sir|A9sOB_sjYMI|https://www.youtube.com/watch?v=A9sOB_sjYMI
L-4 Salt Hydrolysis (Oneshot) - Ionic Equilibrium | Adhyay -2026 | DexterChem|-Wbr2zZgkc4|https://www.youtube.com/watch?v=-Wbr2zZgkc4
L-3 Problem solving class - Ionic Equilibrium | Adhyay -2026 | DexterChem|pkjlan7v18U|https://www.youtube.com/watch?v=pkjlan7v18U
Mole Concept | JEE Main 2023 | PYQs | DexterChem | Chaitanya Sir|LyrygBa06EU|https://www.youtube.com/watch?v=LyrygBa06EU
L-2  MOP - Aldehydes and Ketones | Nishchay 2026 | DexterChem|N1jl_BIB4-A|https://www.youtube.com/watch?v=N1jl_BIB4-A
L-1 Oxidation of Alcohols - Aldehydes and Ketones  | Nishchay 2026 | DexterChem|6oFpwfRXWlE|https://www.youtube.com/watch?v=6oFpwfRXWlE
GOC, POC & Isomerism | JEE Main 2023 | PYQs | DexterChem | Chaitanya Sir|71drS7ySjmQ|https://www.youtube.com/watch?v=71drS7ySjmQ
L-2  Calculation of pH - Ionic Equilibrium | Adhyay -2026 | DexterChem|hDWPRj44T9I|https://www.youtube.com/watch?v=hDWPRj44T9I
Unveiling the Path: Dropper to Topper jee mains Success Strategies |DexterChem | Chaitanya Sir|9oy0sbQf9jc|https://www.youtube.com/watch?v=9oy0sbQf9jc
L-1 - Introduction (Acid Base Concept) - Ionic Equilibrium | Adhyay -2026 | DexterChem|4RI2Cz-6WAM|https://www.youtube.com/watch?v=4RI2Cz-6WAM
Ethers and Glycerol | One Shot | Nishchay 2026 | DexterChem|f-QjspPWvOA|https://www.youtube.com/watch?v=f-QjspPWvOA
L-2 Reimer Tiemann & Test - Phenols | Nishchay 2026 | DexterChem|xOQBnBWzc7c|https://www.youtube.com/watch?v=xOQBnBWzc7c
JEE 2024 Syllabus Reduced? | Which topics are expected to be deleted? - DexterChem|1GZ1wt_GdgY|https://www.youtube.com/watch?v=1GZ1wt_GdgY
L-2 Le-Chaterlier Principle - Chemical Equilibrium | Adhyay -2026 | DexterChem|xLAK1Vm7Gto|https://www.youtube.com/watch?v=xLAK1Vm7Gto
Hydrogen and S-Block | JEE 2022 | PYQS | DexterChem | Chaitanya Sir|GhQ4SMgCrVU|https://www.youtube.com/watch?v=GhQ4SMgCrVU
L-1 Introduction - Chemical Equilibrium | Adhyay -2026 | DexterChem|JwikBX_-jZk|https://www.youtube.com/watch?v=JwikBX_-jZk
L-1 MOP & Chemical properties - Phenols | Nishchay 2026 | DexterChem|1lrQw6J7O5E|https://www.youtube.com/watch?v=1lrQw6J7O5E
The JEE Revision Strategy only TOP RANKERS know about... | DexterChem|LGwFJxgI0Qs|https://www.youtube.com/watch?v=LGwFJxgI0Qs
Alcohols | One Shot  | Nishchay 2026 | DexterChem|1cFD4W8GkrM|https://www.youtube.com/watch?v=1cFD4W8GkrM
L-5 Carnot Engine, Entropy, Gibbs free energy - Thermodynamics | Adhyay -2026 | DexterChem|gMWWesEqCMQ|https://www.youtube.com/watch?v=gMWWesEqCMQ
Redox Reactions | JEE 2022 | PYQS | DexterChem | Chaitanya Sir|q4b28J0X_2I|https://www.youtube.com/watch?v=q4b28J0X_2I
L-4  Comparisons of graphs - Thermodynamics | Adhyay -2026 | DexterChem|oJpNylTyM5k|https://www.youtube.com/watch?v=oJpNylTyM5k
If you struggle with JEE Organic Chemistry, watch this...|VZ2AFzdQfcA|https://www.youtube.com/watch?v=VZ2AFzdQfcA
Ionic Equilibrium | JEE 2022 | PYQS | DexterChem | Chaitanya Sir|X0r1mosFXKU|https://www.youtube.com/watch?v=X0r1mosFXKU
Grignard Reagent | One Shot  | Nishchay 2024 | DexterChem|vtnE3ajkjdA|https://www.youtube.com/watch?v=vtnE3ajkjdA
L-5 Aryl haldies complete - Haloalkanes and Haloarenes | Nishchay 2026 | DexterChem|eKc0y8n1WOk|https://www.youtube.com/watch?v=eKc0y8n1WOk
Chemical Equilibrium | JEE 2022 | PYQS | DexterChem | Chaitanya Sir|9KsaVJS6eVY|https://www.youtube.com/watch?v=9KsaVJS6eVY
L-3 Thermodynamic  Work - Thermodynamics | Adhyay -2026 | DexterChem|kZwcuMIye8E|https://www.youtube.com/watch?v=kZwcuMIye8E
Electrochemistry | JEE 2022 | PYQS | DexterChem | Chaitanya Sir|yXMvCK-Zal4|https://www.youtube.com/watch?v=yXMvCK-Zal4
L-2 Thermochemistry One Shot - Thermodynamics | Adhyay -2026 | DexterChem|C56zPHte0pQ|https://www.youtube.com/watch?v=C56zPHte0pQ
Solid State | JEE 2022 | PYQS | DexterChem | Chaitanya Sir|fPta53wV1Uo|https://www.youtube.com/watch?v=fPta53wV1Uo
L-4 Properties - Haloalkanes and Haloarenes | Nishchay 2026 | DexterChem|GfEnSzCDaKM|https://www.youtube.com/watch?v=GfEnSzCDaKM
L-3 Haloalkanes and Haloarenes | Nishchay 2026 | DexterChem|fEuMskPp9QY|https://www.youtube.com/watch?v=fEuMskPp9QY
Thermodynamics | JEE 2022 | PYQS | DexterChem | Chaitanya Sir|Wrl-_N87CcM|https://www.youtube.com/watch?v=Wrl-_N87CcM
L-1 Introduction - Thermodynamics | Adhyay -2026 | DexterChem|1KqZeRUm7VM|https://www.youtube.com/watch?v=1KqZeRUm7VM
JEE dates out! Your next move is crucial - Insights by Chaitanya Sir | DexterChem|yvAnYKNJ1Y8|https://www.youtube.com/watch?v=yvAnYKNJ1Y8
States of Matter | L-3 | Adhyay -2025 | DexterChem|nrBQiHrI1jE|https://www.youtube.com/watch?v=nrBQiHrI1jE
L-2 Sn2 Reactions - Haloalkanes and Haloarenes | Nishchay 2026 | DexterChem|8_tpmhKPrgQ|https://www.youtube.com/watch?v=8_tpmhKPrgQ
States of Matter | JEE 2022 | PYQS | DexterChem | Chaitanya Sir|W-fc-ww2pjE|https://www.youtube.com/watch?v=W-fc-ww2pjE
L-1 Methods of preparation - Haloalkanes and Haloarenes | Nishchay 2026 | DexterChem|pYJAAiXHntU|https://www.youtube.com/watch?v=pYJAAiXHntU
Why First Attempt is Important! | Advice by Chaitanya Sir | DexterChem|Qt-rp619pUo|https://www.youtube.com/watch?v=Qt-rp619pUo
States of Matter | L-2 | Adhyay -2025 | DexterChem|IUJNlUnKIlY|https://www.youtube.com/watch?v=IUJNlUnKIlY
States of Matter | L-1 | Adhyay -2025 | DexterChem|2Ft2cztIamk|https://www.youtube.com/watch?v=2Ft2cztIamk
Chemical Kinetics | JEE 2022 | PYQS | DexterChem | Chaitanya Sir|sIeUEPeip_U|https://www.youtube.com/watch?v=sIeUEPeip_U
L-8 Aromatic Hydrocarbons  - Hydrocarbons | Chaitanya Sir | DexterChem|eujWqfQ12JA|https://www.youtube.com/watch?v=eujWqfQ12JA
L-7 Alkynes - Hydrocarbons | Chaitanya Sir | DexterChem|MSfgv0kGFuQ|https://www.youtube.com/watch?v=MSfgv0kGFuQ
L-6 Properties of Alkenes-2 -  Hydrocarbons | Chaitanya Sir | DexterChem|Xf5xAwEnmhY|https://www.youtube.com/watch?v=Xf5xAwEnmhY
L-5 Properties of Alkenes-1 - Hydrocarbons | Chaitanya Sir | DexterChem|mvP9tnyjOBw|https://www.youtube.com/watch?v=mvP9tnyjOBw
L-4 Preparation of Alkenes-2  - Hydrocarbons | Chaitanya Sir | DexterChem|zkdUFMF_xtw|https://www.youtube.com/watch?v=zkdUFMF_xtw
Stereoisomerism - Isomerism | Chaitanya Sir | DexterChem|ZTuZAk8fcx0|https://www.youtube.com/watch?v=ZTuZAk8fcx0
L-3 Preparation of Alkenes-1 - Hydrocarbons | Chaitanya Sir | DexterChem|pl8CRHyHeFE|https://www.youtube.com/watch?v=pl8CRHyHeFE
Periodic Properties | JEE 2022 | PYQS | DexterChem | Chaitanya Sir|cb5ZIT2xpdg|https://www.youtube.com/watch?v=cb5ZIT2xpdg
L-2 Properties of Alkanes - Hydrocarbons | Chaitanya Sir | DexterChem|kZjyFGgTZKQ|https://www.youtube.com/watch?v=kZjyFGgTZKQ
Chemical Bonding | JEE 2022 | PYQS | DexterChem | Chaitanya Sir|Q0RQ8w_tgUo|https://www.youtube.com/watch?v=Q0RQ8w_tgUo
L-1 Preparation of Alkanes - Hydrocarbons | Chaitanya Sir | DexterChem|o9LMvN4c34Q|https://www.youtube.com/watch?v=o9LMvN4c34Q
L-5 Conformational Isomerism - Isomerism | Chaitanya Sir | DexterChem|VvMjn8lj2kk|https://www.youtube.com/watch?v=VvMjn8lj2kk
L-4 Optical Isomerism - Isomerism | Chaitanya Sir | DexterChem|klX-oZ8MUx4|https://www.youtube.com/watch?v=klX-oZ8MUx4
Structure of Atom | JEE 2022 | PYQS | DexterChem | Chaitanya Sir|8WMpHrYNAnU|https://www.youtube.com/watch?v=8WMpHrYNAnU
L-3 Geometrical Isomerism - Isomerism | Chaitanya Sir | DexterChem|-6jXixn2aGs|https://www.youtube.com/watch?v=-6jXixn2aGs
Homework Discussion (L-1 & L-2) - Isomerism | Chaitanya Sir | DexterChem|DsnFy4Z9PT0|https://www.youtube.com/watch?v=DsnFy4Z9PT0
L-2 Keto-enol Tautomerism - Isomerism |  | Chaitanya Sir | DexterChem|dCkGN3xJuoo|https://www.youtube.com/watch?v=dCkGN3xJuoo
L-1  Structural Isomerism  - Isomerism | Chaitanya Sir | DexterChem|3HnLg_9V9W8|https://www.youtube.com/watch?v=3HnLg_9V9W8
MAKE IT or BREAK IT | JEE in 4 MONTHS!!! | Advice by Chaitanya Sir | DexterChem|fB-Ep396kwM|https://www.youtube.com/watch?v=fB-Ep396kwM
L-6 Acidic and Basic Strength - General Organic Chemistry | Chaitanya Sir | DexterChem (GOC)|6e8i_RNl27E|https://www.youtube.com/watch?v=6e8i_RNl27E
Solutions | JEE 2022 | PYQS | DexterChem | Chaitanya Sir|DjpH2y7wGuE|https://www.youtube.com/watch?v=DjpH2y7wGuE
L-5 Stability of Intermediates - General Organic Chemistry | Chaitanya Sir | DexterChem (GOC)|xrU-faP95w4|https://www.youtube.com/watch?v=xrU-faP95w4
L-4 Hyperconjugation - General Organic Chemistry | Chaitanya Sir | DexterChem (GOC)|ThSDnfzlU-I|https://www.youtube.com/watch?v=ThSDnfzlU-I
L-3 Aromaticity - General Organic Chemistry | Chaitanya Sir | DexterChem (GOC)|WoP3XP55Lrc|https://www.youtube.com/watch?v=WoP3XP55Lrc
L-6 Molecular Orbital Theory (MOT) - Chemical Bonding | Adhyay 2026 | DexterChem|zI38_2CmNgg|https://www.youtube.com/watch?v=zI38_2CmNgg
Mole Concept | JEE 2022 | PYQS | DexterChem | Chaitanya Sir|dj14RbXedo8|https://www.youtube.com/watch?v=dj14RbXedo8
Chemical Bonding | L-5 | VSEPR Theory and Fajan's Rule | Adhyay 2025 | DexterChem|FLFlPMOGcNI|https://www.youtube.com/watch?v=FLFlPMOGcNI
Nomenclature of Organic Compounds | L-2 | Chaitanya Sir | DexterChem|RUW4dHlrk5Q|https://www.youtube.com/watch?v=RUW4dHlrk5Q
Nomenclature of Organic Compounds | L-1 | Chaitanya Sir | DexterChem|VTxhfbg7OAo|https://www.youtube.com/watch?v=VTxhfbg7OAo
Chemical Bonding | L-4 | Hybridization | Adhyay 2025 | DexterChem|xOKlsy588Mg|https://www.youtube.com/watch?v=xOKlsy588Mg
Chemical Bonding | L-3 | Adhyay 2025 | DexterChem|5RKn1PNmOvg|https://www.youtube.com/watch?v=5RKn1PNmOvg
L-2 Resonance  - General Organic Chemistry | Chaitanya Sir | DexterChem (GOC)|GY0tTqfQZvM|https://www.youtube.com/watch?v=GY0tTqfQZvM
L-1 Inductive Effect - General Organic Chemistry | Chaitanya Sir | DexterChem (GOC)|FgU_PY1W53w|https://www.youtube.com/watch?v=FgU_PY1W53w
L-2 Chemical Bonding | Adhyay 2026 | DexterChem|S5_L4FnbRHE|https://www.youtube.com/watch?v=S5_L4FnbRHE
L-1 Introduction - Chemical Bonding | Adhyay 2026 | DexterChem|f16JHa7v2rg|https://www.youtube.com/watch?v=f16JHa7v2rg
L-4 Arrhenius Equation & Radioactivity - Chemical Kinetics | Nishchay 2026 | DexterChem|vnbdW4ufUs8|https://www.youtube.com/watch?v=vnbdW4ufUs8
L-3 Parallel Kinetics - Chemical Kinetics | Nishchay 2026 | DexterChem|gnd00QWFO8c|https://www.youtube.com/watch?v=gnd00QWFO8c
Classification of Periodic Properties & Periodicity | L-2 | Adhyay 2025 | DexterChem|1egutH5Bc2k|https://www.youtube.com/watch?v=1egutH5Bc2k
L-1  Introduction - Classification of Periodic Properties & Periodicity | Adhyay 2026 | DexterChem|gKySmMXw4-g|https://www.youtube.com/watch?v=gKySmMXw4-g
L-2 Order of Reaction - Chemical Kinetics | Nishchay 2026 | DexterChem|Kc9mdhnnJbs|https://www.youtube.com/watch?v=Kc9mdhnnJbs
L-1 Introduction - Chemical Kinetics | Nishchay 2026 | DexterChem|SVJU9mUDHlU|https://www.youtube.com/watch?v=SVJU9mUDHlU
L-4  Quantum Mechanical Model of Atom  - Atomic Structure | Adhyay 2026 | DexterChem|t2006pDZ4Ik|https://www.youtube.com/watch?v=t2006pDZ4Ik
L-3 Atomic Structure | Adhyay 2026 | DexterChem|rGUxukjuBF4|https://www.youtube.com/watch?v=rGUxukjuBF4
L-4 - Electrochemistry | Nishchay 2026 | DexterChem|CDl9sjbMJsQ|https://www.youtube.com/watch?v=CDl9sjbMJsQ
L-3 - Laws of Electrolysis - Electrochemistry | Nishchay 2026 | DexterChem|msFEFfq1Skg|https://www.youtube.com/watch?v=msFEFfq1Skg
L-2 Particle Nature of light  - Atomic Structure | Adhyay 2026 | DexterChem|9-NVwXM52vU|https://www.youtube.com/watch?v=9-NVwXM52vU
L-1 Introduction - Atomic Structure | Adhyay 2026 | DexterChem|qdO9FdeC8dw|https://www.youtube.com/watch?v=qdO9FdeC8dw
Master JEE 2024 | Get 99%ile in JEE | Plan by Chaitanya Sir - DexterChem|4gbToRdIsIw|https://www.youtube.com/watch?v=4gbToRdIsIw
L-2 Upto Nerst Eq. - Electrochemistry | Nishchay 2026 | DexterChem|IqTU4i8b__8|https://www.youtube.com/watch?v=IqTU4i8b__8
L-1 Introduction - Electrochemistry | Nishchay 2026 | DexterChem|NXIzEH4MWfA|https://www.youtube.com/watch?v=NXIzEH4MWfA
L-4 Titrations - Mole Concept |  | Adhyay 2026 | DexterChem|TmdQu9VjdNo|https://www.youtube.com/watch?v=TmdQu9VjdNo
L-3 Concentration terms & n-factor  - Mole Concept  | Adhyay 2026 | DexterChem|o4fZptv7jE0|https://www.youtube.com/watch?v=o4fZptv7jE0
L-2 Deviations, Colligative Prop. Etc. - Solutions | Nishchay 2026 | DexterChem|EJXrAFDkT3Y|https://www.youtube.com/watch?v=EJXrAFDkT3Y
L-1 Introduction - Solutions | Nishchay 2026 | DexterChem|ht-yn8r1dnM|https://www.youtube.com/watch?v=ht-yn8r1dnM
L-2 Limiting reagent , % yield  - Mole Concept | Adhyay 2026 | DexterChem|h0PXlqztt6Y|https://www.youtube.com/watch?v=h0PXlqztt6Y
L-1 Introduction Mole Concept | Adhyay 2026 | DexterChem|h2peTT5ufBw|https://www.youtube.com/watch?v=h2peTT5ufBw
Drop for JEE 2024 worth it? - Advice by Chaitanya Sir | DexterChem|ALUDSPALUT8|https://www.youtube.com/watch?v=ALUDSPALUT8
JEE 2024 & 2025 - Get Ahead of the Competition | Free Batch | DexterChem|zYywDXdLTWk|https://www.youtube.com/watch?v=zYywDXdLTWk
JEE Advanced 2023 - Chemistry Solutions (Paper-1) | Chaitanya Sir | DexterChem|gTKWZIO-fTM|https://www.youtube.com/watch?v=gTKWZIO-fTM
Last 3 Days!!! What to do - Dexterchem - Chaitanya Sir|u0xGyQZhHFQ|https://www.youtube.com/watch?v=u0xGyQZhHFQ
Electrochemistry in ONE SHOT | JEE Advanced in-Depth Revision | Chaitanya Sir | DexterChem|JtBaCnCqZaw|https://www.youtube.com/watch?v=JtBaCnCqZaw
Ionic Equilibrium in ONE SHOT | JEE Advanced in-Depth Revision | Chaitanya Sir | DexterChem|tD7QlSx6Qkg|https://www.youtube.com/watch?v=tD7QlSx6Qkg
States of Matter and Solutions | JEE Advanced PYQs (2010-2022) | Chaitanya Sir | DexterChem|NEDGZckBwR4|https://www.youtube.com/watch?v=NEDGZckBwR4
Solid State in ONE SHOT | JEE Advanced in-Depth Revision | Chaitanya Sir | DexterChem|22IV5i59GMs|https://www.youtube.com/watch?v=22IV5i59GMs
Chemical Kinetics in ONE SHOT | JEE Advanced in-Depth Revision | Chaitanya Sir | DexterChem|u6ftuayzHrQ|https://www.youtube.com/watch?v=u6ftuayzHrQ
Mole Concept and Redox Reactions | JEE Advanced PYQs (2010-2022) | Chaitanya Sir | DexterChem|84cL_PdwfqA|https://www.youtube.com/watch?v=84cL_PdwfqA
Don’t Do These Mistakes - JEE Advanced 2023 - DexterChem|4im01jek4nU|https://www.youtube.com/watch?v=4im01jek4nU
Solution in ONE SHOT | JEE Advanced in-Depth Revision | Chaitanya Sir | DexterChem|uZojPpQhzeg|https://www.youtube.com/watch?v=uZojPpQhzeg
Chemical Equilibrium in ONE SHOT | JEE Advanced in-Depth Revision | Chaitanya Sir | DexterChem|UbJWytzeCIk|https://www.youtube.com/watch?v=UbJWytzeCIk
Mole Concept-Redox Reactions in ONE SHOT | JEE Advanced in-Depth Revision | Chaitanya Sir|DexterChem|JNW5pk8zXZY|https://www.youtube.com/watch?v=JNW5pk8zXZY
Amines-Biomolecules | JEE Advanced PYQs (2010-2022) | Chaitanya Sir | DexterChem|5y7NoH2xzzU|https://www.youtube.com/watch?v=5y7NoH2xzzU
Uncovering the SECRET to Unlock 70% JEE Advanced (Selective Solving) - DexterChem|9rCT8pVbE8c|https://www.youtube.com/watch?v=9rCT8pVbE8c
States of Matter in ONE SHOT | JEE Advanced in-Depth Revision | Chaitanya Sir | DexterChem|7nfAn6Lm8J4|https://www.youtube.com/watch?v=7nfAn6Lm8J4
Amines-Biomolecules (OC-3) in ONE SHOT | JEE Advanced in-Depth Revision | Chaitanya Sir | DexterChem|Aj7wCVbe9LU|https://www.youtube.com/watch?v=Aj7wCVbe9LU
Aldehydes & Ketones (OC-2) | JEE Advanced PYQs (2010-2022) | Chaitanya Sir | DexterChem|yqyvHmNo0Us|https://www.youtube.com/watch?v=yqyvHmNo0Us
Aldehydes & Ketones (OC-2) in ONE SHOT | JEE Advanced in-Depth Revision | Chaitanya Sir | DexterChem|FnaV5ovAec4|https://www.youtube.com/watch?v=FnaV5ovAec4
Organic Chemistry (Part-1) | JEE Advanced PYQs (2010-2022) | Chaitanya Sir | DexterChem|dnxa8hG7OtQ|https://www.youtube.com/watch?v=dnxa8hG7OtQ
Organic Chemistry(Part -1) in ONE SHOT | JEE Advanced in-Depth Revision | Chaitanya Sir | DexterChem|TigjWdNhkks|https://www.youtube.com/watch?v=TigjWdNhkks
How should I attempt JEE Advanced 2023 Paper? - DexterChem|ZXQzK0a4uzA|https://www.youtube.com/watch?v=ZXQzK0a4uzA
GOC - Isomerism | JEE Advanced PYQs (2010-2022) | Chaitanya Sir | DexterChem|s4qNQQsJfbs|https://www.youtube.com/watch?v=s4qNQQsJfbs
GOC - Isomerism  in ONE SHOT | JEE Advanced in-Depth Revision | DexterChem|YNYGjR4NTlI|https://www.youtube.com/watch?v=YNYGjR4NTlI
Thermodynamics - Thermochemistry | JEE Advanced PYQs (2010-2022) | Chaitanya Sir | DexterChem|aw6Vxz3LhJ8|https://www.youtube.com/watch?v=aw6Vxz3LhJ8
Block Chemistry + Metallurgy | 100 JEE Advanced PYQs | Chaitanya Sir | DexterChem|KZ9SrN6cLdw|https://www.youtube.com/watch?v=KZ9SrN6cLdw
Thermodynamics & Thermochemistry  in ONE SHOT | JEE Advanced in-Depth Revision | DexterChem|6ndQDTXPGKw|https://www.youtube.com/watch?v=6ndQDTXPGKw
Avoid these mistakes - Last 30 days for JEE Advanced - DexterChem|LX1d4HHNeDU|https://www.youtube.com/watch?v=LX1d4HHNeDU
Salt Analysis | JEE Advanced PYQs (2010-2022) | Chaitanya Sir | DexterChem|dOiQ_DPmglU|https://www.youtube.com/watch?v=dOiQ_DPmglU
Salt Analysis in ONE SHOT | JEE Advanced in-Depth Revision | Chaitanya Sir | DexterChem|zukse1GYL6A|https://www.youtube.com/watch?v=zukse1GYL6A
Coordination Compounds | JEE Advanced PYQs (2010-2022) | Chaitanya Sir | DexterChem|BXURDjh_2R8|https://www.youtube.com/watch?v=BXURDjh_2R8
Coordination Compounds in ONE SHOT | JEE Advanced in-Depth Revision | Chaitanya Sir | DexterChem|62oFibC7Wfw|https://www.youtube.com/watch?v=62oFibC7Wfw
JEE 2023: You Got the Answer Key - Now What? | DexterChem|8A1yKXflknw|https://www.youtube.com/watch?v=8A1yKXflknw
Chemical Bonding | JEE Advanced PYQs (2010-2022) | Chaitanya Sir | DexterChem|HoIibNICuIU|https://www.youtube.com/watch?v=HoIibNICuIU
Chemical Bonding in ONE SHOT | JEE Advanced in-Depth Revision | Chaitanya Sir | DexterChem|-D8hhV07GZo|https://www.youtube.com/watch?v=-D8hhV07GZo
Crack JEE Advanced Chemistry in 45 Days: Uncover the Ultimate Strategy! - DexterChem|6wgJsMBETAU|https://www.youtube.com/watch?v=6wgJsMBETAU
Coordination Compounds | JEE 2022 | PYQs | DexterChem | Chaitanya Sir|ej9ezp5q9xg|https://www.youtube.com/watch?v=ej9ezp5q9xg
Solutions | JEE 2022 | June PYQs | DexterChem | Chaitanya Sir|i3hiouFFDpo|https://www.youtube.com/watch?v=i3hiouFFDpo
AMINES | JEE 2022 | JULY PYQs | DexterChem | Chaitanya Sir|DpYB4D-004A|https://www.youtube.com/watch?v=DpYB4D-004A
AMINES | JEE 2022 | JUNE PYQs | DexterChem | Chaitanya Sir|podFCRF3XPc|https://www.youtube.com/watch?v=podFCRF3XPc
ONLY DO THIS IN APRIL - Unmissable JEE 2023 Advice - DexterChem|r4GlMarta3w|https://www.youtube.com/watch?v=r4GlMarta3w
Carboxylic Acid and Its Derivatives | JEE 2022 | PYQs | DexterChem | Chaitanya Sir|eSSQAmq0OZE|https://www.youtube.com/watch?v=eSSQAmq0OZE
JEE 2023 - DONT DO THIS NOW | Final Advice for April Attempt - DexterChem|CYxuOnho8ik|https://www.youtube.com/watch?v=CYxuOnho8ik
Aldehydes & Ketones | JEE 2022 | July PYQs | DexterChem | Chaitanya Sir|DMGWLZnIzGI|https://www.youtube.com/watch?v=DMGWLZnIzGI
Aldehydes & Ketones | JEE 2022 | June PYQs | DexterChem | Chaitanya Sir|ScFrjQEWt50|https://www.youtube.com/watch?v=ScFrjQEWt50
Alcohol, Phenol & Ether | JEE 2022 | PYQs | DexterChem | Chaitanya Sir|eUl44RL_mcw|https://www.youtube.com/watch?v=eUl44RL_mcw
Only Revision Timetable You Need For JEE CHEMISTRY - DexterChem|MbNl9X6rAYo|https://www.youtube.com/watch?v=MbNl9X6rAYo
Haloalkane & Haloarenes | JEE 2022 | PYQS | DexterChem | Chaitanya Sir|5G7VUG90IZ0|https://www.youtube.com/watch?v=5G7VUG90IZ0
Hydrocarbons | JEE 2022 | PYQS | DexterChem | Chaitanya Sir|G_bV5bIJ8k4|https://www.youtube.com/watch?v=G_bV5bIJ8k4
GOC, POC & Isomerism | JEE 2022 | PYQS | DexterChem | Chaitanya Sir|GZkixJx4meY|https://www.youtube.com/watch?v=GZkixJx4meY
Proteins, Nucleic Acid... (Biomolecules - 2) | In-depth Revision | Chaitanya Sir | DexterChem|vwBO22QkAD0|https://www.youtube.com/watch?v=vwBO22QkAD0
JEE 2023 - 31st Jan Shift 1 Solutions | Chemistry | Chaitanya Sir | DexterChem|v-_fdNT1EyQ|https://www.youtube.com/watch?v=v-_fdNT1EyQ
Carbohydrates (Biomolecules - 1) | Complete In-depth Revision | Chaitanya Sir | DexterChem|7bKhsUGN3XY|https://www.youtube.com/watch?v=7bKhsUGN3XY
Carbon Family (Group -14) Complete In-depth Revision | P-Block | Chaitanya Sir | DexterChem|FmZg_5Itt4A|https://www.youtube.com/watch?v=FmZg_5Itt4A
JEE 2023 - 1st Feb Shift 2 Solutions | Chemistry | Chaitanya Sir | DexterChem|9qkgLg-w1_0|https://www.youtube.com/watch?v=9qkgLg-w1_0
JEE 2023 - 1st Feb Shift 1 Solutions | Chemistry | Chaitanya Sir | DexterChem|ZtpWqGB9kH0|https://www.youtube.com/watch?v=ZtpWqGB9kH0
Boron Family |(Group -13) |Complete In-depth | P-Block | Chaitanya Sir | DexterChem|PRWfWPHsl3o|https://www.youtube.com/watch?v=PRWfWPHsl3o
JEE 2023 - 30th Jan Shift 2 Solutions | Chemistry | Chaitanya Sir | DexterChem|GXYriDc0cLY|https://www.youtube.com/watch?v=GXYriDc0cLY
JEE 2023 - 25th Jan Shift 2 Solutions | Chemistry | Chaitanya Sir | DexterChem|v96lQy1tkHY|https://www.youtube.com/watch?v=v96lQy1tkHY
JEE 2023 - 25th Jan Shift 1 Solutions | Chemistry | Chaitanya Sir | DexterChem|291i5hIGHog|https://www.youtube.com/watch?v=291i5hIGHog
JEE 2023 - 30th Jan Shift 1 Solutions | Chemistry | Chaitanya Sir | DexterChem|65AD5hvn30c|https://www.youtube.com/watch?v=65AD5hvn30c
Complete D&F Block in One Shot | by Chaitanya Sir | DexterChem|uSiDrhDh9-8|https://www.youtube.com/watch?v=uSiDrhDh9-8
JEE 2023 - 29th Jan Shift 1 Solutions | Chemistry | Chaitanya Sir | DexterChem|iNi1jz3L1F4|https://www.youtube.com/watch?v=iNi1jz3L1F4
Noble Gases (Group -18) Complete In-depth Revision | P-Block | Chaitanya Sir | DexterChem|sUnDpjVUnwQ|https://www.youtube.com/watch?v=sUnDpjVUnwQ
Halogens (Group -17) Complete In-depth Revision | P-Block | Chaitanya Sir | DexterChem|tGN54F-hjDY|https://www.youtube.com/watch?v=tGN54F-hjDY
Oxygen Family (Group -16) Complete In-depth Revision | P-Block | Chaitanya Sir | DexterChem|pL6_YX80rsM|https://www.youtube.com/watch?v=pL6_YX80rsM
JEE 2023 - 24th Jan Shift 2 Solutions | Chemistry | Chaitanya Sir | DexterChem|jffRkUvfRsc|https://www.youtube.com/watch?v=jffRkUvfRsc
Nitrogen Family (Group -15) Complete In-depth Revision | P-Block | Chaitanya Sir | DexterChem|Hm1mXI90-QU|https://www.youtube.com/watch?v=Hm1mXI90-QU
JEE 2023 - 24th Jan Shift 1 Solutions | Chemistry | Chaitanya Sir | DexterChem|KE9L6mMP8-Q|https://www.youtube.com/watch?v=KE9L6mMP8-Q
ONE SHOT REVISION OF CHEMICAL PROPERTIES OF ALDEHYDE AND KETONES FOR CLASS 12| IITJEE |NEET|nHiGGxJl8Ag|https://www.youtube.com/watch?v=nHiGGxJl8Ag
Problem Solving Series| Alcohol Ether and Phenol Problem  No-6 | IIT-JEE Mains and Advanced | Neet||PSh8lqz01jo|https://www.youtube.com/watch?v=PSh8lqz01jo
nucleophilicity vs basicity (most important and tricky comparison)| IIT-JEE |MAINS | ADVANCED |NEET||S8Cq-6a4k_8|https://www.youtube.com/watch?v=S8Cq-6a4k_8
Problem Solving Series| Alcohol Ether and Phenol Problem  No-5 | IIT-JEE Mains and Advanced|H6DZG2JvCZo|https://www.youtube.com/watch?v=H6DZG2JvCZo
Problem Solving Series| Alcohol Ether and Phenol Problem  No-4 | IIT-JEE Mains and Advanced|D4B2TqAYSHc|https://www.youtube.com/watch?v=D4B2TqAYSHc
Problem Solving Series| Alcohol Ether and Phenol Problem  No-3 | IIT-JEE Mains and Advanced|k94n9hNWqd0|https://www.youtube.com/watch?v=k94n9hNWqd0
Problem Solving Series| Alcohol Ether and Phenol Problem  No-2 | IIT-JEE Mains and Advanced|Znsfca78_W0|https://www.youtube.com/watch?v=Znsfca78_W0
Problem Solving Series| Alcohol Ether and Phenol Problem  No-1 | IIT-JEE Mains and Advanced|elSpswDdpOM|https://www.youtube.com/watch?v=elSpswDdpOM
Isomerism 3 | Geometrical Isomerism-3 | E/Z Isomerism| CIP Rule | Class 11 | IIT-JEE | NEET|gh8L6K1idso|https://www.youtube.com/watch?v=gh8L6K1idso
Isomerism 02 | Geometrical Isomerism -2 | Cis Trans Isomerism | Class 11 | IIT JEE | NEET|wjv_HPdXZVM|https://www.youtube.com/watch?v=wjv_HPdXZVM
Study Plans after Jee Mains 1 2022 | Moving Ahead | JEE MAINS |IIT JEE Advanced| 2022| Motivation|6zTaRJ7yfTk|https://www.youtube.com/watch?v=6zTaRJ7yfTk
Isomerism 02 | Geometrical Isomerism | Class 11 | IIT JEE | NEET|kn8brl61ZN8|https://www.youtube.com/watch?v=kn8brl61ZN8
Factors affecting SN2 reaction| Nucleophilic substitution reaction| organic chemistry |IITJEE |NEET|C6pnsQMcc0o|https://www.youtube.com/watch?v=C6pnsQMcc0o
How To Calculate Theoretical Yield and Percent Yield| Mole concept L-2 IIT JEE | NEET||29xnGA936Sk|https://www.youtube.com/watch?v=29xnGA936Sk
Some Basic Concept of Chemistry 01 | Mole Concept | Class 11| IIT JEE | NEET ||Xix3PA3Znbs|https://www.youtube.com/watch?v=Xix3PA3Znbs
SN2 Reaction and Mechanism JEE MAINS/NEET/CUET/12th|HaXsD91KHh8|https://www.youtube.com/watch?v=HaXsD91KHh8
Term-2 CBSE NEET JEE Chapter 4: Chemical Kinetics Class 12 | Lecture-5|Ogb5xwaE7pk|https://www.youtube.com/watch?v=Ogb5xwaE7pk
Term-2 CBSE NEET JEE Chapter 4: Chemical Kinetics Class 12 | Lecture-4|1LnhT1zCYw4|https://www.youtube.com/watch?v=1LnhT1zCYw4
Term-2 CBSE NEET JEE Chapter 4: Chemical Kinetics Class 12 | Lecture-3|qcAL3TElnu0|https://www.youtube.com/watch?v=qcAL3TElnu0
#shorts #KVPY dates announced|mUnReAY4k44|https://www.youtube.com/watch?v=mUnReAY4k44
Term-2 CBSE NEET JEE Chapter 4: Chemical Kinetics Class 12 | Lecture-2|GvgvSUhF2vs|https://www.youtube.com/watch?v=GvgvSUhF2vs
Term-2 CBSE NEET JEE Chapter 4: Chemical Kinetics Class 12 | Lecture-1|VhMBZUAKIqs|https://www.youtube.com/watch?v=VhMBZUAKIqs
JEE Advanced 2022 In JULY | JEE Main in April(17th) & May (22nd) Probably|nhTlPC4dKVE|https://www.youtube.com/watch?v=nhTlPC4dKVE
Thermodynamics| CONCEPT OF ENTROPY | Class 11TH | 12TH  | NEET 2022 | IIT 2022 | JEE| IITJAM| CCR|t6JNLbfS2II|https://www.youtube.com/watch?v=t6JNLbfS2II
Thermodynamics| ADVANCED PROBLEMS-DISCUSSION | Class 11TH | 12TH  | ADVANCED| IIT 2022 | JEE| IITJAM|RLHUijZpshk|https://www.youtube.com/watch?v=RLHUijZpshk
DON'T WATCH | NOT FOR BOARDS | ONLY FOR IIT-JEE AND NEET| RANK CULMINATION PROGRAM| FOR TOP RANKERS||WxsUMtNZWMI|https://www.youtube.com/watch?v=WxsUMtNZWMI
Thermodynamics| WORK IN DIFFERENT PROCESSES| Class 11TH | 12TH  | NEET 2022 | IIT 2022 | JEE| IITJAM|Zq2Hwq1_3GY|https://www.youtube.com/watch?v=Zq2Hwq1_3GY
Thermodynamics| REVERSIBLE & IRRVERSIBLE| PROCESSES Class 11| 2 | NEET 2022 | IIT 2022 | JEE| IITJAM|3C6uGzCmnLM|https://www.youtube.com/watch?v=3C6uGzCmnLM
HAPPY NEW YEAR 2022| WISHING YOU ALL| GREAT YEAR AHEAD| STAY MOTIVATED| STAY FOCUSED| HAVE FUN| 2022|ouhDhrf9BOE|https://www.youtube.com/watch?v=ouhDhrf9BOE
last moment Revision| Solid state (types of packing and defects) for CBSE Boards|oUCteOQUd2s|https://www.youtube.com/watch?v=oUCteOQUd2s
Quick Revision of Solid state for CBSE Boards|2IKP83fIcQw|https://www.youtube.com/watch?v=2IKP83fIcQw
properties of Haloalkanes and haloarenes for CBSE|gT_y-zaaAcY|https://www.youtube.com/watch?v=gT_y-zaaAcY
methods of preparation of Haloalkanes and haloarenes for CBSE|2UslsT4ewI8|https://www.youtube.com/watch?v=2UslsT4ewI8
welcome to chemistry  by Chaitanya Rastogi|2SMOnmKSJoM|https://www.youtube.com/watch?v=2SMOnmKSJoM
