🚀Never Forget Concepts Ever! | 🤯 Best Method of Revision for JEE 2026|N3WYAeo3-Uk|https://www.youtube.com/watch?v=N3WYAeo3-Uk
The Only JEE Chemistry Revision Plan You'll Need | 45 Day Plan | JEE Main 2025 - DexterChem|uD0etdQxT8c|https://www.youtube.com/watch?v=uD0etdQxT8c
Make the Best Revision Notes🔥 | Revise Whole Chapter in Minutes | JEE 2025 - DexterChem|0oS9cHxBGNw|https://www.youtube.com/watch?v=0oS9cHxBGNw
🥶Last 15 Days Detailed Revision Plan for JEE Chemistry - DexterChem|Yg-0IDjO9uo|https://www.youtube.com/watch?v=Yg-0IDjO9uo
Ionic Equilibrium | Complete Revision | JEE 2024 - DexterChem|lWJfOYC8MT8|https://www.youtube.com/watch?v=lWJfOYC8MT8
Carboxylic Acids and Amines | Complete Revision | JEE 2024 - DexterChem|2h29adw_K4o|https://www.youtube.com/watch?v=2h29adw_K4o
Named Reactions | Complete Revision | JEE 2024 - DexterChem|1JunopRa9ys|https://www.youtube.com/watch?v=1JunopRa9ys
Chemical Equilibrium | Complete Revision | JEE 2024 - DexterChem|87W_TugtnDs|https://www.youtube.com/watch?v=87W_TugtnDs
Electrochemistry | Complete Revision | JEE 2024 - DexterChem|w0IyhC6d2zU|https://www.youtube.com/watch?v=w0IyhC6d2zU
Atomic Structure | Complete Revision | JEE 2024 - DexterChem|wx5SGAZhkRE|https://www.youtube.com/watch?v=wx5SGAZhkRE
Thermodynamics | Complete Revision | JEE 2024 - DexterChem|IEVBuX4krfQ|https://www.youtube.com/watch?v=IEVBuX4krfQ
Aldehydes & Ketones | Complete Revision | JEE 2024 - DexterChem|n-2xfjL8o_8|https://www.youtube.com/watch?v=n-2xfjL8o_8
Purification of Organic Compounds | Complete Revision | JEE 2024 - DexterChem|WT4xvEQVixo|https://www.youtube.com/watch?v=WT4xvEQVixo
Alcohols, Ethers & Phenols | Complete Revision | JEE 2024 - DexterChem|XpCPq9uYghM|https://www.youtube.com/watch?v=XpCPq9uYghM
Coordination Compounds  | Complete Revision | JEE 2024 - DexterChem|3yT8-shA3AA|https://www.youtube.com/watch?v=3yT8-shA3AA
Solutions | Complete Revision | JEE 2024 - DexterChem|LGJ6XDpBS5w|https://www.youtube.com/watch?v=LGJ6XDpBS5w
Haloalkanes and Haloarenes | Complete Revision | JEE 2024 - DexterChem|w2qpK6BMI8U|https://www.youtube.com/watch?v=w2qpK6BMI8U
Redox Reaction + Titration | Complete Revision | JEE 2024 - DexterChem|S_yNPCV-wqE|https://www.youtube.com/watch?v=S_yNPCV-wqE
Mole concept | Complete Revision | JEE 2024 - DexterChem|AnWsQ_84wiE|https://www.youtube.com/watch?v=AnWsQ_84wiE
Chemical Bonding | Complete Revision | JEE 2024 - DexterChem|S-MPL-wi8uE|https://www.youtube.com/watch?v=S-MPL-wi8uE
Hydrocarbons | Complete Revision | JEE 2024 - DexterChem|oz89AvbaykE|https://www.youtube.com/watch?v=oz89AvbaykE
Isomerism | Complete Revision | JEE 2024 - DexterChem|dqnEtEnvl2E|https://www.youtube.com/watch?v=dqnEtEnvl2E
GOC (General Organic Chemistry) | Complete Revision | JEE 2024 - DexterChem|7ZtsgBNVw_s|https://www.youtube.com/watch?v=7ZtsgBNVw_s
P-Block (Group 13-18) | Complete Revision | JEE 2024 - DexterChem|jZcpC9eearE|https://www.youtube.com/watch?v=jZcpC9eearE
🚀Only TOPPERS will revise this way! | Revision Series - DexterChem|GL0m3gRAjUA|https://www.youtube.com/watch?v=GL0m3gRAjUA
The JEE Revision Strategy only TOP RANKERS know about... | DexterChem|LGwFJxgI0Qs|https://www.youtube.com/watch?v=LGwFJxgI0Qs
Electrochemistry in ONE SHOT | JEE Advanced in-Depth Revision | Chaitanya Sir | DexterChem|JtBaCnCqZaw|https://www.youtube.com/watch?v=JtBaCnCqZaw
Ionic Equilibrium in ONE SHOT | JEE Advanced in-Depth Revision | Chaitanya Sir | DexterChem|tD7QlSx6Qkg|https://www.youtube.com/watch?v=tD7QlSx6Qkg
Solid State in ONE SHOT | JEE Advanced in-Depth Revision | Chaitanya Sir | DexterChem|22IV5i59GMs|https://www.youtube.com/watch?v=22IV5i59GMs
Chemical Kinetics in ONE SHOT | JEE Advanced in-Depth Revision | Chaitanya Sir | DexterChem|u6ftuayzHrQ|https://www.youtube.com/watch?v=u6ftuayzHrQ
Solution in ONE SHOT | JEE Advanced in-Depth Revision | Chaitanya Sir | DexterChem|uZojPpQhzeg|https://www.youtube.com/watch?v=uZojPpQhzeg
Chemical Equilibrium in ONE SHOT | JEE Advanced in-Depth Revision | Chaitanya Sir | DexterChem|UbJWytzeCIk|https://www.youtube.com/watch?v=UbJWytzeCIk
Mole Concept-Redox Reactions in ONE SHOT | JEE Advanced in-Depth Revision | Chaitanya Sir|DexterChem|JNW5pk8zXZY|https://www.youtube.com/watch?v=JNW5pk8zXZY
States of Matter in ONE SHOT | JEE Advanced in-Depth Revision | Chaitanya Sir | DexterChem|7nfAn6Lm8J4|https://www.youtube.com/watch?v=7nfAn6Lm8J4
Amines-Biomolecules (OC-3) in ONE SHOT | JEE Advanced in-Depth Revision | Chaitanya Sir | DexterChem|Aj7wCVbe9LU|https://www.youtube.com/watch?v=Aj7wCVbe9LU
Aldehydes & Ketones (OC-2) in ONE SHOT | JEE Advanced in-Depth Revision | Chaitanya Sir | DexterChem|FnaV5ovAec4|https://www.youtube.com/watch?v=FnaV5ovAec4
Organic Chemistry(Part -1) in ONE SHOT | JEE Advanced in-Depth Revision | Chaitanya Sir | DexterChem|TigjWdNhkks|https://www.youtube.com/watch?v=TigjWdNhkks
GOC - Isomerism  in ONE SHOT | JEE Advanced in-Depth Revision | DexterChem|YNYGjR4NTlI|https://www.youtube.com/watch?v=YNYGjR4NTlI
Thermodynamics & Thermochemistry  in ONE SHOT | JEE Advanced in-Depth Revision | DexterChem|6ndQDTXPGKw|https://www.youtube.com/watch?v=6ndQDTXPGKw
Salt Analysis in ONE SHOT | JEE Advanced in-Depth Revision | Chaitanya Sir | DexterChem|zukse1GYL6A|https://www.youtube.com/watch?v=zukse1GYL6A
Coordination Compounds in ONE SHOT | JEE Advanced in-Depth Revision | Chaitanya Sir | DexterChem|62oFibC7Wfw|https://www.youtube.com/watch?v=62oFibC7Wfw
Chemical Bonding in ONE SHOT | JEE Advanced in-Depth Revision | Chaitanya Sir | DexterChem|-D8hhV07GZo|https://www.youtube.com/watch?v=-D8hhV07GZo
Only Revision Timetable You Need For JEE CHEMISTRY - DexterChem|MbNl9X6rAYo|https://www.youtube.com/watch?v=MbNl9X6rAYo
Proteins, Nucleic Acid... (Biomolecules - 2) | In-depth Revision | Chaitanya Sir | DexterChem|vwBO22QkAD0|https://www.youtube.com/watch?v=vwBO22QkAD0
Carbohydrates (Biomolecules - 1) | Complete In-depth Revision | Chaitanya Sir | DexterChem|7bKhsUGN3XY|https://www.youtube.com/watch?v=7bKhsUGN3XY
Carbon Family (Group -14) Complete In-depth Revision | P-Block | Chaitanya Sir | DexterChem|FmZg_5Itt4A|https://www.youtube.com/watch?v=FmZg_5Itt4A
Noble Gases (Group -18) Complete In-depth Revision | P-Block | Chaitanya Sir | DexterChem|sUnDpjVUnwQ|https://www.youtube.com/watch?v=sUnDpjVUnwQ
Halogens (Group -17) Complete In-depth Revision | P-Block | Chaitanya Sir | DexterChem|tGN54F-hjDY|https://www.youtube.com/watch?v=tGN54F-hjDY
Oxygen Family (Group -16) Complete In-depth Revision | P-Block | Chaitanya Sir | DexterChem|pL6_YX80rsM|https://www.youtube.com/watch?v=pL6_YX80rsM
Nitrogen Family (Group -15) Complete In-depth Revision | P-Block | Chaitanya Sir | DexterChem|Hm1mXI90-QU|https://www.youtube.com/watch?v=Hm1mXI90-QU
ONE SHOT REVISION OF CHEMICAL PROPERTIES OF ALDEHYDE AND KETONES FOR CLASS 12| IITJEE |NEET|nHiGGxJl8Ag|https://www.youtube.com/watch?v=nHiGGxJl8Ag
last moment Revision| Solid state (types of packing and defects) for CBSE Boards|oUCteOQUd2s|https://www.youtube.com/watch?v=oUCteOQUd2s
Quick Revision of Solid state for CBSE Boards|2IKP83fIcQw|https://www.youtube.com/watch?v=2IKP83fIcQw
